title,artist,tempo,energy,danceability,loudness,valence
"Hey, Soul Sister",Train,97,89,67,-4,80
Love The Way You Lie,Eminem,87,93,75,-5,64
TiK ToK,Kesha,120,84,76,-3,71
Bad Romance,Lady Gaga,119,92,70,-4,71
Just the Way You Are,Bruno Mars,109,84,64,-5,43
Baby,Justin Bieber,65,86,73,-5,54
Dynamite,Taio Cruz,120,78,75,-4,82
Secrets,OneRepublic,148,76,52,-6,38
Empire State of Mind (Part II) Broken Down,Alicia Keys,93,37,48,-8,14
Only Girl (In The World),Rihanna,126,72,79,-4,61
Club Can't Handle Me (feat. David Guetta),Flo Rida,128,87,62,-4,47
Marry You,Bruno Mars,145,83,62,-5,48
Cooler Than Me - Single Mix,Mike Posner,130,82,77,-5,63
Telephone,Lady Gaga,122,83,83,-6,71
Like A G6,Far East Movement,125,84,44,-8,78
OMG (feat. will.i.am),Usher,130,75,78,-6,33
Eenie Meenie,Sean Kingston,121,61,72,-4,83
The Time (Dirty Bit),The Black Eyed Peas,128,81,82,-8,44
Alejandro,Lady Gaga,99,80,63,-7,37
Your Love Is My Drug,Kesha,120,61,83,-4,76
Meet Me Halfway,The Black Eyed Peas,130,63,80,-7,40
Whataya Want from Me,Adam Lambert,186,68,44,-5,45
Take It Off,Kesha,125,68,73,-5,74
Misery,Maroon 5,103,81,70,-5,73
All The Right Moves,OneRepublic,146,95,53,-4,65
Animal,Neon Trees,148,83,48,-6,74
Naturally,Selena Gomez & The Scene,133,90,61,-5,88
I Like It,Enrique Iglesias,129,94,65,-3,73
Teenage Dream,Katy Perry,120,80,72,-5,59
California Gurls,Katy Perry,125,75,79,-4,40
3,Britney Spears,135,71,70,-2,79
My First Kiss - feat. Ke$ha,3OH!3,138,89,68,-4,83
Blah Blah Blah (feat. 3OH!3),Kesha,120,84,75,-3,52
Imma Be,The Black Eyed Peas,92,52,60,-7,41
Try Sleeping with a Broken Heart,Alicia Keys,111,82,50,-5,55
Sexy Bitch (feat. Akon),David Guetta,130,63,81,-5,80
Bound To You - Burlesque Original Motion Picture Soundtrack,Christina Aguilera,164,41,29,-5,7
If I Had You,Adam Lambert,131,91,65,-4,79
Rock That Body,The Black Eyed Peas,125,91,72,-6,84
Dog Days Are Over,Florence + The Machine,150,81,50,-5,26
Something's Got A Hold On Me - Burlesque Original Motion Picture Soundtrack,Christina Aguilera,150,85,51,-4,72
Doesn't Mean Anything,Alicia Keys,104,41,71,-7,10
Hard,Rihanna,182,75,31,-4,16
Loca,Shakira,112,87,80,-4,85
You Lost Me,Christina Aguilera,43,39,23,-6,7
Not Myself Tonight,Christina Aguilera,120,81,76,-5,54
Written in the Stars (feat. Eric Turner),Tinie Tempah,91,95,64,-4,57
DJ Got Us Fallin' In Love (feat. Pitbull),Usher,120,86,66,-3,65
Castle Walls (feat. Christina Aguilera),T.I.,80,86,45,-5,58
Break Your Heart,Taio Cruz,122,90,67,-5,63
Hello,Martin Solveig,128,98,67,-3,45
A Thousand Years,Christina Perri,139,41,42,-7,16
Someone Like You,Adele,135,33,56,-8,28
Give Me Everything,Pitbull,129,94,67,-3,53
Rolling in the Deep,Adele,105,76,73,-5,52
Run the World (Girls),Beyoncé,127,90,73,-4,76
Moves Like Jagger - Studio Recording From The Voice Performance,Maroon 5,128,76,72,-4,62
Love On Top,Beyoncé,94,75,65,-5,65
Grenade,Bruno Mars,110,56,71,-7,23
Tonight Tonight,Hot Chelle Rae,100,78,69,-5,81
What the Hell,Avril Lavigne,150,93,58,-4,88
Born This Way,Lady Gaga,124,83,59,-5,49
Monster,Kanye West,125,69,63,-6,10
Best Thing I Never Had,Beyoncé,99,65,55,-4,30
Party Rock Anthem,LMFAO,130,74,75,-4,35
We R Who We R,Kesha,120,82,74,-5,65
Price Tag,Jessie J,175,83,64,-4,68
Good Life,OneRepublic,95,69,63,-8,65
Just Can’t Get Enough,The Black Eyed Peas,94,63,66,-9,26
On The Floor,Jennifer Lopez,130,78,73,-5,57
What's My Name?,Rihanna,100,79,69,-3,58
Yeah 3x,Chris Brown,130,88,71,-3,70
Without You (feat. Usher),David Guetta,128,61,61,-4,40
Sexy And I Know It,LMFAO,130,86,71,-4,80
The Edge Of Glory,Lady Gaga,128,77,58,-6,36
E.T.,Katy Perry,152,87,62,-5,76
Till the World Ends,Britney Spears,132,71,69,-6,45
I Wanna Go,Britney Spears,130,55,70,-7,79
Blow,Kesha,120,73,75,-4,81
You And I,Lady Gaga,127,70,52,-5,52
Judas,Lady Gaga,131,93,66,-4,53
Tonight (I'm Fuckin' You),Enrique Iglesias,126,89,65,-4,32
Please Don't Go,Mike Posner,120,88,70,-4,66
We Found Love,Rihanna,128,77,73,-4,60
Marry The Night,Lady Gaga,131,88,61,-4,38
1+1,Beyoncé,63,38,30,-7,26
Hold It Against Me,Britney Spears,133,72,65,-5,39
I'm Into You,Jennifer Lopez,84,75,59,-4,70
Papi,Jennifer Lopez,120,81,71,-5,89
Cheers (Drink To That),Rihanna,80,91,58,-4,73
S&M Remix,Rihanna,128,81,82,-3,89
Jar of Hearts,Christina Perri,75,35,35,-6,9
Turning Page,Sleeping At Last,125,38,30,-8,19
Super Bass,Nicki Minaj,127,74,77,-7,59
Raise Your Glass,P!nk,122,64,68,-7,56
Invading My Mind,Jennifer Lopez,129,88,73,-4,69
Moment 4 Life - Album Version (Edited),Nicki Minaj,130,88,50,-4,37
Last Friday Night (T.G.I.F.),Katy Perry,126,81,65,-4,72
Firework,Katy Perry,124,83,64,-5,65
Muny - Album Version (Edited),Nicki Minaj,98,72,80,-5,53
Titanium (feat. Sia),David Guetta,126,79,60,-4,30
Locked Out of Heaven,Bruno Mars,144,70,73,-4,87
Paradise,Coldplay,140,59,45,-7,20
Payphone,Maroon 5,110,75,74,-5,55
What Makes You Beautiful,One Direction,125,79,73,-2,89
I Knew You Were Trouble.,Taylor Swift,77,47,62,-7,68
Call Me Maybe,Carly Rae Jepsen,120,58,78,-7,66
Love You Like A Love Song,Selena Gomez & The Scene,117,68,86,-4,92
Set Fire to the Rain,Adele,108,68,61,-4,47
We Are Never Ever Getting Back Together,Taylor Swift,86,68,63,-6,75
Stronger (What Doesn't Kill You),Kelly Clarkson,116,94,56,-4,68
Try,P!nk,104,63,67,-7,55
Starships,Nicki Minaj,125,72,75,-2,75
One More Night,Maroon 5,93,82,72,-3,62
Good Time,Owl City,126,87,56,-4,68
Glad You Came,The Wanted,127,85,72,-4,45
Beauty And A Beat,Justin Bieber,128,84,60,-5,53
International Love,Pitbull,120,86,67,-3,65
Some Nights,fun.,108,74,67,-7,39
Boyfriend,Justin Bieber,97,55,72,-6,33
Part Of Me,Katy Perry,130,92,68,-5,77
Domino,Jessie J,127,55,76,-5,78
Where Have You Been,Rihanna,128,85,72,-6,44
Wide Awake,Katy Perry,160,68,51,-5,57
The One That Got Away,Katy Perry,134,80,69,-4,88
Dance Again,Jennifer Lopez,128,86,79,-5,71
Turn Up the Music,Chris Brown,130,84,59,-6,64
Lights - Single Version,Ellie Goulding,120,80,68,-6,78
We Are Young (feat. Janelle Monáe),fun.,184,64,38,-6,74
Diamonds,Rihanna,92,71,56,-5,39
Don't Stop the Party (feat. TJR),Pitbull,127,96,72,-4,95
You Da One,Rihanna,127,72,70,-5,86
Stereo Hearts (feat. Adam Levine),Gym Class Heroes,90,80,65,-3,80
It Will Rain,Bruno Mars,150,84,58,-7,48
Blow Me (One Last Kiss),P!nk,114,92,60,-3,75
Underneath the Tree,Kelly Clarkson,160,81,51,-5,69
Wake Me Up,Avicii,124,78,53,-6,64
Story of My Life,One Direction,121,66,60,-6,29
Just Give Me a Reason (feat. Nate Ruess),P!nk,95,55,78,-7,44
Hall of Fame,The Script,85,87,42,-4,63
Roar,Katy Perry,180,77,55,-5,46
We Can't Stop,Miley Cyrus,80,62,61,-6,48
Don't You Worry Child - Radio Edit,Swedish House Mafia,129,84,61,-3,44
Get Lucky (feat. Pharrell Williams & Nile Rodgers) - Radio Edit,Daft Punk,116,81,79,-9,86
Wrecking Ball,Miley Cyrus,120,42,53,-6,35
Impossible,James Arthur,170,70,38,-5,30
Blurred Lines,Robin Thicke,120,60,85,-5,84
Heart Attack,Demi Lovato,174,79,50,-5,50
Die Young,Kesha,128,70,71,-5,80
Clarity,Zedd,128,78,51,-3,18
Summertime Sadness (Lana Del Rey Vs. Cedric Gervais) - Cedric Gervais Remix,Lana Del Rey,126,81,57,-6,11
Under Control,Calvin Harris,126,92,54,-3,51
Everybody Talks,Neon Trees,155,92,47,-4,73
"Hold On, We're Going Home",Drake,100,41,77,-7,29
Best Song Ever,One Direction,118,88,65,-3,49
Kiss You,One Direction,90,93,63,-3,91
Sweet Nothing (feat. Florence Welch),Calvin Harris,128,93,57,-4,58
Lose Yourself to Dance,Daft Punk,100,66,83,-8,67
Work Bitch,Britney Spears,128,82,63,-7,85
Brave,Sara Bareilles,185,84,55,-4,76
Can't Hold Us (feat. Ray Dalton),Macklemore & Ryan Lewis,146,93,63,-4,88
Feel This Moment (feat. Christina Aguilera),Pitbull,136,76,67,-4,54
Beneath Your Beautiful,Labrinth,84,52,56,-6,23
Let Me Love You (Until You Learn To Love Yourself),Ne-Yo,125,68,66,-7,25
Thrift Shop (feat. Wanz),Macklemore & Ryan Lewis,95,53,78,-7,66
If I Lose Myself - Alesso vs OneRepublic,OneRepublic,126,75,52,-6,16
The Way,Ariana Grande,82,88,65,-3,86
Suit & Tie,Justin Timberlake,102,60,80,-4,36
#thatPOWER,will.i.am,128,61,80,-6,40
I Love It (feat. Charli XCX),Icona Pop,126,91,71,-3,82
Play Hard (feat. Ne-Yo & Akon) - New Edit,David Guetta,130,87,72,-3,68
Daylight,Maroon 5,120,67,66,-5,37
Love Somebody,Maroon 5,120,78,68,-6,40
A Little Party Never Killed Nobody (All We Got),Fergie,130,62,76,-6,52
Move,Little Mix,121,74,85,-5,77
Walks Like Rihanna,The Wanted,126,82,56,-3,43
Rock N Roll,Avril Lavigne,184,96,47,-3,67
Heartbreaker,Justin Bieber,105,52,56,-7,58
Mirrors - Radio Edit,Justin Timberlake,77,60,58,-6,65
Next To Me,Emeli Sandé,95,80,67,-5,35
Made In The USA,Demi Lovato,87,86,58,-4,59
Clown,Emeli Sandé,130,23,45,-8,23
Girl On Fire (feat. Nicki Minaj) - Inferno Version,Alicia Keys,93,81,55,-6,34
TKO,Justin Timberlake,138,68,61,-7,49
Come & Get It,Selena Gomez,80,79,55,-4,58
Live It Up,Jennifer Lopez,128,73,69,-5,65
We Own The Night,The Wanted,104,94,55,-4,56
Atlas - From “The Hunger Games: Catching Fire” Soundtrack,Coldplay,136,45,28,-8,11
What About Love,Austin Mahone,100,78,63,-7,28
Take Back the Night,Justin Timberlake,107,66,59,-5,33
Applause,Lady Gaga,140,78,67,-4,73
Anything Could Happen,Ellie Goulding,103,78,70,-4,38
Finally Found You,Enrique Iglesias,128,88,62,-5,66
Pom Poms,Jonas Brothers,148,98,68,-2,90
#Beautiful,Mariah Carey,107,76,68,-5,45
How Ya Doin'? (feat. Missy Elliott),Little Mix,201,95,36,-3,51
Crazy Kids (feat. will.i.am),Kesha,128,75,72,-4,50
"Ooh La La (from ""The Smurfs 2"")",Britney Spears,128,57,69,-5,73
People Like Us,Kelly Clarkson,128,79,60,-5,61
Overdose,Ciara,107,70,77,-6,79
Right Now - Dyro Radio Edit,Rihanna,130,74,53,-6,45
Give It 2 U,Robin Thicke,127,83,67,-4,58
Foolish Games,Jewel,132,34,51,-11,7
Outta Nowhere (feat. Danny Mercer),Pitbull,95,84,71,-4,66
Freak,Kelly Rowland,104,78,65,-5,45
All of Me,John Legend,120,26,42,-7,33
Stay With Me,Sam Smith,84,42,42,-6,18
Summer,Calvin Harris,128,86,60,-4,74
"Happy - From ""Despicable Me 2""",Pharrell Williams,160,82,65,-5,96
Rude,MAGIC!,144,76,77,-5,93
Shake It Off,Taylor Swift,160,80,65,-5,94
Dark Horse,Katy Perry,132,59,65,-6,35
Hey Brother,Avicii,125,78,55,-5,46
Maps,Maroon 5,120,71,74,-6,88
Treasure,Bruno Mars,116,69,87,-5,94
Let Her Go,Passenger,75,54,51,-7,24
Problem,Ariana Grande,103,81,66,-5,63
Pompeii,Bastille,127,72,68,-6,57
Team,Lorde,100,58,69,-7,42
Love Me Again,John Newman,126,89,50,-5,21
Latch,Disclosure,122,73,50,-5,52
Adore You,Miley Cyrus,120,66,58,-5,20
Love Never Felt So Good,Michael Jackson,118,72,78,-6,71
Burn,Ellie Goulding,87,78,56,-5,33
She Looks So Perfect,5 Seconds of Summer,160,95,49,-4,44
Fancy,Iggy Azalea,95,72,91,-4,38
Talk Dirty (feat. 2 Chainz),Jason Derulo,100,65,76,-7,76
Gorilla,Bruno Mars,140,54,72,-7,64
human,Christina Perri,144,49,44,-6,25
Young Girls,Bruno Mars,126,75,56,-5,50
Wiggle (feat. Snoop Dogg),Jason Derulo,82,62,70,-7,72
Love Runs Out,OneRepublic,120,93,72,-4,74
This Is How We Do,Katy Perry,96,64,69,-6,80
Mmm Yeah (feat. Pitbull),Austin Mahone,126,92,71,-4,98
#SELFIE,The Chainsmokers,128,92,79,-3,66
Partition,Beyoncé,186,44,41,-12,17
Birthday,Katy Perry,126,67,72,-5,84
G.U.Y.,Lady Gaga,110,92,62,-3,57
Stay The Night - Featuring Hayley Williams Of Paramore,Zedd,128,74,60,-3,46
"Let It Go - From ""Frozen / Single Version",Demi Lovato,140,66,50,-6,25
Wings,Birdy,83,71,47,-5,22
Can't Remember to Forget You (feat. Rihanna),Shakira,138,81,69,-4,82
Shot Me Down (feat. Skylar Grey) - Radio Edit,David Guetta,192,77,35,-4,4
Say Something,A Great Big World,138,15,45,-9,9
A Sky Full of Stars,Coldplay,125,68,55,-6,16
Come Get It Bae,Pharrell Williams,120,80,93,-6,90
Chandelier,Sia,174,78,29,-3,62
XO,Beyoncé,170,79,47,-9,21
We Are One (Ole Ola) [The Official 2014 FIFA World Cup Song],Pitbull,125,94,60,-4,55
Not About Angels,Birdy,116,14,41,-10,23
Drunk in Love,Beyoncé,140,62,59,-7,40
Anaconda,Nicki Minaj,130,60,96,-6,65
Boom Clap - From the Motion Picture Das Schicksal ist ein mieser Verräter,Charli XCX,92,81,68,-4,64
La La La (Brasil 2014) (feat. Carlinhos Brown),Shakira,128,82,80,-5,61
Tee Shirt - Soundtrack Version,Birdy,76,34,68,-9,56
Words as Weapons,Birdy,120,35,53,-9,19
You're Mine (Eternal),Mariah Carey,149,58,63,-7,56
Sheezus,Lily Allen,130,50,78,-7,39
Cannonball,Lea Michele,92,82,56,-3,57
It's On Again - Main Soundtrack,Alicia Keys,110,54,64,-9,53
I Luh Ya Papi,Jennifer Lopez,96,73,74,-6,59
Not a Bad Thing,Justin Timberlake,86,73,59,-6,46
Thinking out Loud,Ed Sheeran,79,45,78,-6,59
I'm Not The Only One,Sam Smith,82,49,68,-6,49
The Hills,The Weeknd,113,56,58,-7,14
Love Yourself,Justin Bieber,100,38,61,-10,52
Uptown Funk,Mark Ronson,115,61,86,-7,93
Take Me To Church,Hozier,129,66,57,-5,44
Sugar,Maroon 5,120,79,75,-7,88
Sorry,Justin Bieber,100,76,65,-4,41
FourFiveSeconds,Rihanna,206,27,58,-6,35
"Love Me Like You Do - From ""Fifty Shades Of Grey""",Ellie Goulding,190,61,26,-7,28
"Earned It (Fifty Shades Of Grey) - From The ""Fifty Shades Of Grey"" Soundtrack",The Weeknd,120,38,66,-6,44
What Do You Mean?,Justin Bieber,125,57,85,-8,79
Stitches,Shawn Mendes,150,75,75,-7,76
Want to Want Me,Jason Derulo,114,68,78,-6,66
My House,Flo Rida,94,70,69,-5,74
Waves - Robin Schulz Radio Edit,Mr. Probz,120,51,83,-9,45
Night Changes,One Direction,120,52,67,-8,37
How Deep Is Your Love,Calvin Harris,122,87,74,-4,34
Never Forget You,Zara Larsson,146,73,58,-6,28
Love Me Harder,Ariana Grande,99,71,47,-4,24
Animals,Maroon 5,190,74,28,-6,33
Blame,Calvin Harris,128,86,41,-4,35
Worth It,Fifth Harmony,100,77,88,-4,59
Break Free,Ariana Grande,130,70,69,-5,28
Don't,Ed Sheeran,95,61,81,-7,85
Elastic Heart,Sia,130,79,42,-5,50
Rather Be (feat. Jess Glynne),Clean Bandit,121,59,80,-7,55
Dear Future Husband,Meghan Trainor,79,78,66,-5,83
43776,Beyoncé,136,71,75,-5,56
The Heart Wants What It Wants,Selena Gomez,83,79,62,-5,62
"Hey Mama (feat. Nicki Minaj, Bebe Rexha & Afrojack)",David Guetta,86,73,60,-4,53
Genie In a Bottle,Christina Aguilera,176,80,63,-7,91
Company,Justin Bieber,95,80,59,-5,43
Sing,Ed Sheeran,120,67,82,-4,94
Jealous - Remix,Nick Jonas,93,71,68,-4,45
Really Don't Care,Demi Lovato,121,73,71,-4,85
"Downtown (feat. Melle Mel, Grandmaster Caz, Kool Moe Dee & Eric Nally)",Macklemore & Ryan Lewis,110,61,83,-4,71
Only Love Can Hurt Like This,Paloma Faith,91,89,57,-5,31
Heartbeat Song,Kelly Clarkson,149,80,49,-4,48
Up,Olly Murs,115,85,69,-5,64
Trumpets,Jason Derulo,82,70,63,-5,64
Runnin' (Lose It All),Naughty Boy,139,85,32,-6,8
Same Old Love,Selena Gomez,98,59,67,-4,44
I Want You To Know,Zedd,130,85,58,-3,37
Lips Are Movin,Meghan Trainor,139,83,78,-5,95
I'll Show You,Justin Bieber,192,61,36,-7,8
Here,Alessia Cara,120,82,38,-4,33
I Lived,OneRepublic,120,85,59,-5,34
Fireball (feat. John Ryan),Pitbull,123,94,69,-5,79
Easy Love,Sigala,124,94,68,-4,65
The Feeling,Justin Bieber,127,81,53,-6,21
I Really Like You,Carly Rae Jepsen,122,81,62,-5,60
BO$$,Fifth Harmony,103,87,81,-5,74
Focus,Ariana Grande,100,88,67,-6,79
All About That Bass,Meghan Trainor,134,88,81,-4,96
On My Mind,Ellie Goulding,155,71,70,-7,74
Love Me Like You,Little Mix,106,67,79,-4,85
Broken Arrows,Avicii,116,67,63,-7,29
Booty,Jennifer Lopez,129,95,71,-4,40
What Do You Mean? - Acoustic,Justin Bieber,125,36,77,-11,76
Mark My Words,Justin Bieber,114,26,38,-9,52
Lay It All on Me,Rudimental,123,75,67,-7,48
American Oxygen,Rihanna,78,75,39,-6,48
Bang Bang,Jessie J,150,75,71,-4,73
Reality - Radio Edit,Lost Frequencies,122,70,71,-8,60
Alive,Sia,100,76,51,-4,44
Sugar (feat. Francesco Yates),Robin Schulz,123,82,64,-5,64
Been You,Justin Bieber,113,78,74,-6,86
Prayer in C - Robin Schulz Radio Edit,Lilly Wood and The Prick,123,89,76,-5,78
See You Again (feat. Charlie Puth),Wiz Khalifa,80,48,69,-8,28
Heroes (we could be),Alesso,126,75,52,-4,35
"Feel The Light - From The ""Home"" Soundtrack",Jennifer Lopez,156,60,47,-6,4
Perfect,One Direction,100,82,65,-5,40
Ghosttown,Madonna,79,55,54,-7,9
Bang My Head (feat. Sia & Fetty Wap),David Guetta,108,87,60,-4,59
Bloodstream,Ed Sheeran,89,59,48,-6,27
Living For Love,Madonna,123,79,67,-5,39
Baby Don't Lie,Gwen Stefani,100,55,69,-5,26
Don't Be so Hard on Yourself,Jess Glynne,120,82,57,-3,66
Steal My Girl,One Direction,77,76,47,-6,52
"Celebrate (From the Original Motion Picture ""Penguins of Madagascar"")",Pitbull,127,85,68,-3,93
We Are Here,Alicia Keys,93,67,64,-6,8
St Jude,Florence + The Machine,117,43,26,-11,9
Yesterday (feat. Bebe Rexha),David Guetta,128,78,57,-4,28
Time of Our Lives,Pitbull,124,80,72,-6,72
Sparks,Hilary Duff,122,88,85,-5,79
Mr. Put It Down,Ricky Martin,128,78,80,-6,83
Legendary Lovers,Katy Perry,126,84,62,-5,39
Spark The Fire,Gwen Stefani,120,80,88,-4,54
Run Run Run,Kelly Clarkson,112,37,28,-7,8
Let Me Be Your Lover,Enrique Iglesias,112,90,72,-4,88
Dangerous,Jennifer Hudson,109,53,90,-5,65
L.A.LOVE (la la),Fergie,202,39,48,-8,27
Cake By The Ocean,DNCE,119,75,77,-5,90
Don't Let Me Down,The Chainsmokers,160,87,53,-5,42
In the Name of Love,Martin Garrix,134,52,50,-6,17
Into You,Ariana Grande,108,73,62,-6,37
This Is What You Came For,Calvin Harris,124,93,63,-3,47
Million Reasons,Lady Gaga,130,42,67,-8,15
Needed Me,Rihanna,111,31,67,-8,30
7 Years,Lukas Graham,120,47,77,-6,34
"CAN'T STOP THE FEELING! (Original Song from DreamWorks Animation's ""TROLLS"")",Justin Timberlake,113,83,67,-6,70
Work from Home (feat. Ty Dolla $ign),Fifth Harmony,105,59,80,-6,59
Scars To Your Beautiful,Alessia Cara,97,74,57,-6,45
Like I'm Gonna Lose You (feat. John Legend),Meghan Trainor,108,53,63,-7,42
Work,Rihanna,92,53,73,-6,56
"Me, Myself & I",G-Eazy,112,67,76,-7,38
I Took A Pill In Ibiza - Seeb Remix,Mike Posner,102,71,66,-7,69
Dangerous Woman,Ariana Grande,134,60,66,-5,29
Starving,Hailee Steinfeld,100,62,73,-4,51
Shout Out to My Ex,Little Mix,126,75,77,-4,80
Electric Love,BØRNS,120,80,61,-8,52
Confident,Demi Lovato,130,75,59,-6,34
Too Good,Drake,118,65,79,-8,39
Roses,The Chainsmokers,100,80,71,-7,34
Cold Water (feat. Justin Bieber & MØ),Major Lazer,93,80,61,-5,50
Me Too,Meghan Trainor,124,69,93,-6,84
Light It Up (feat. Nyla & Fuse ODG) [Remix],Major Lazer,108,88,75,-4,75
Ain't Your Mama,Jennifer Lopez,120,68,76,-6,82
Close,Nick Jonas,124,62,65,-5,40
Toothbrush,DNCE,105,79,55,-6,82
All We Know,The Chainsmokers,90,59,66,-9,30
Final Song,MØ,105,67,70,-6,25
Hands To Myself,Selena Gomez,111,50,81,-7,47
All I Ask,Adele,142,28,59,-5,34
"Just Like Fire (From the Original Motion Picture ""Alice Through The Looking Glass"")",P!nk,163,70,63,-6,50
NO,Meghan Trainor,92,80,56,-4,65
Kill Em With Kindness,Selena Gomez,120,88,76,-5,40
Cool Girl,Tove Lo,102,69,67,-7,20
Perfect Illusion,Lady Gaga,125,86,61,-5,66
PILLOWTALK,ZAYN,125,70,59,-4,43
Out Of The Woods,Taylor Swift,92,84,55,-7,34
Rise,Katy Perry,101,64,55,-6,44
Wherever I Go,OneRepublic,100,69,55,-6,35
Body Say,Demi Lovato,87,74,63,-5,26
Don't Be A Fool,Shawn Mendes,175,34,47,-6,27
LIKE I WOULD,ZAYN,113,83,56,-6,23
Cheap Thrills,Sia,90,80,59,-5,73
I Got You,Bebe Rexha,98,89,61,-5,32
Run Away With Me,Carly Rae Jepsen,119,72,56,-6,25
Cruel (feat. ZAYN),Snakehips,110,88,60,-4,32
Send My Love (To Your New Lover),Adele,164,52,69,-8,56
WTF (Where They From),Missy Elliott,120,82,93,-3,56
Desire,Years & Years,126,78,71,-5,64
When We Were Young,Adele,144,59,38,-6,27
I Know What You Did Last Summer,Shawn Mendes,114,77,68,-5,72
Wish That You Were Here - From “Miss Peregrine’s Home for Peculiar Children” Original Motion Picture,Florence + The Machine,94,57,37,-6,12
Hurts,Emeli Sandé,106,64,58,-8,18
Change,Christina Aguilera,82,54,62,-6,20
Make Me... (feat. G-Eazy),Britney Spears,123,70,70,-7,58
Keeping Your Head Up,Birdy,122,78,60,-5,53
True Colors,Zedd,126,79,57,-3,49
Make Me Like You,Gwen Stefani,118,71,74,-5,80
Champagne Problems,Nick Jonas,108,78,73,-5,64
Blown,DNCE,130,95,63,-5,73
Start,John Legend,110,4,52,-15,26
Pep Rally,Missy Elliott,90,75,83,-4,32
Higher,Carly Rae Jepsen,114,87,65,-5,44
Invitation,Britney Spears,112,65,37,-7,16
One Call Away (feat. Tyga) - Remix,Charlie Puth,91,69,75,-5,52
Beautiful Birds (feat. Birdy),Passenger,86,17,39,-13,14
Little Lies,Hilary Duff,124,76,57,-6,40
Do You Wanna Come Over?,Britney Spears,121,70,75,-6,45
BURNITUP!,Janet Jackson,123,71,83,-7,83
Picky - Remix,Joey Montana,186,81,70,-3,69
Behind Your Back,Nelly Furtado,98,47,80,-10,69
Million Years Ago,Adele,0,0,0,-60,0
Shape of You,Ed Sheeran,96,65,83,-3,93
Closer,The Chainsmokers,95,52,75,-6,66
Starboy,The Weeknd,186,59,68,-7,49
Treat You Better,Shawn Mendes,83,82,44,-4,75
That's What I Like,Bruno Mars,134,56,85,-5,86
Let Me Love You,DJ Snake,100,72,65,-5,16
I Feel It Coming,The Weeknd,93,82,77,-6,59
Mercy,Shawn Mendes,148,66,56,-5,36
Side To Side,Ariana Grande,159,74,65,-6,61
Stay,Zedd,102,62,69,-5,54
It Ain't Me (with Selena Gomez),Kygo,100,53,64,-7,52
Malibu,Miley Cyrus,140,78,57,-6,34
Something Just Like This,The Chainsmokers,103,65,61,-7,51
Rockabye (feat. Sean Paul & Anne-Marie),Clean Bandit,102,76,72,-4,74
I Don’t Wanna Live Forever (Fifty Shades Darker),ZAYN,118,45,74,-8,9
My Way,Calvin Harris,120,91,82,-3,54
"I'm the One (feat. Justin Bieber, Quavo, Chance the Rapper & Lil Wayne)",DJ Khaled,81,67,61,-4,81
Praying,Kesha,73,39,58,-7,32
Despacito - Remix,Luis Fonsi,178,82,65,-4,82
The Greatest,Sia,192,73,67,-6,73
There for You,Martin Garrix,106,64,61,-8,13
Paris,The Chainsmokers,100,64,65,-7,25
Crying in the Club,Camila Cabello,85,62,33,-6,60
Mama,Jonas Blue,104,79,74,-4,57
Slide (feat. Frank Ocean & Migos),Calvin Harris,104,80,74,-3,51
Swish Swish,Katy Perry,120,71,84,-5,57
Chained To The Rhythm,Katy Perry,190,80,45,-5,47
Cold (feat. Future),Maroon 5,100,72,69,-6,41
Love,Lana Del Rey,99,37,53,-11,23
Reggaetón Lento (Remix),CNCO,94,91,53,-3,62
First Time,Kygo,90,59,63,-7,68
The Cure,Lady Gaga,100,51,70,-5,52
"How Far I'll Go - From ""Moana""",Alessia Cara,181,54,31,-10,16
Bodak Yellow,Cardi B,125,72,93,-6,46
Rich Love (with Seeb),OneRepublic,105,87,40,-4,47
Tired,Alan Walker,124,88,69,-4,49
Came Here for Love,Sigala,125,87,71,-3,72
24K Magic,Bruno Mars,107,80,82,-4,63
Strip That Down (feat. Quavo),Liam Payne,106,50,87,-5,55
Cut To The Feeling,Carly Rae Jepsen,115,91,71,-3,65
OK - Spotify Version,Robin Schulz,122,81,65,-6,58
Bon appétit,Katy Perry,106,79,80,-6,52
Summer Bummer (feat. A$AP Rocky & Playboi Carti),Lana Del Rey,135,57,76,-9,14
Get Low (with Liam Payne),Zedd,108,93,72,-4,54
Kissing Strangers,DNCE,120,74,77,-6,86
Slow Hands,Niall Horan,86,42,74,-7,85
Younger Now,Miley Cyrus,122,87,55,-5,33
Body Moves,DNCE,102,69,65,-5,86
Reality (feat. Janieck Devy) - Radio Edit,Lost Frequencies,122,64,73,-7,53
Angel,Fifth Harmony,124,53,74,-6,13
Touch (feat. Kid Ink),Little Mix,102,75,64,-4,53
We Don't Talk Anymore - DROELOE Remix,Charlie Puth,100,82,70,-5,67
Love Incredible (feat. Camila Cabello),Cashmere Cat,167,50,37,-9,21
No Vacancy (with Sebastián Yatra),OneRepublic,100,76,69,-4,59
Rich Boy,Galantis,110,90,74,-2,65
Lust for Life (with The Weeknd),Lana Del Rey,100,67,51,-9,27
Greenlight (feat. Flo Rida & LunchMoney Lewis),Pitbull,115,83,70,-6,63
Influence,Tove Lo,105,59,77,-10,33
Remember I Told You,Nick Jonas,113,53,68,-6,84
Messin' Around,Pitbull,158,81,57,-5,78
Water Under the Bridge,Adele,95,84,60,-7,47
Free Me,Sia,87,46,27,-4,21
Kissing Strangers - Remix,DNCE,120,77,76,-6,81
A L I E N S,Coldplay,148,88,43,-5,25
One Kiss (with Dua Lipa),Calvin Harris,124,86,79,-3,59
Havana (feat. Young Thug),Camila Cabello,105,52,77,-4,39
New Rules,Dua Lipa,116,70,76,-6,61
There's Nothing Holdin' Me Back,Shawn Mendes,122,81,87,-4,97
no tears left to cry,Ariana Grande,122,71,70,-6,35
IDGAF,Dua Lipa,97,54,84,-6,51
In My Blood,Shawn Mendes,140,71,62,-7,49
Wolves,Selena Gomez,125,80,72,-5,31
Dusk Till Dawn - Radio Edit,ZAYN,180,44,26,-7,10
Attention,Charlie Puth,100,61,78,-5,80
Electricity (with Dua Lipa),Silk City,118,67,59,-6,51
Love On The Brain,Rihanna,172,64,51,-5,38
"Let Me Go (with Alesso, Florida Georgia Line & watt)",Hailee Steinfeld,103,71,66,-4,74
Silence,Marshmello,142,76,52,-3,29
Sorry Not Sorry,Demi Lovato,144,64,71,-7,89
Shallow - Radio Edit,Lady Gaga,96,33,57,-7,28
These Days,Rudimental,92,81,65,-4,55
What Lovers Do (feat. SZA),Maroon 5,110,60,80,-5,42
Finesse - Remix; feat. Cardi B,Bruno Mars,105,86,70,-5,93
Perfect Duet (Ed Sheeran & Beyoncé),Ed Sheeran,95,30,59,-7,36
Bad At Love,Halsey,118,75,68,-4,61
Him & I (with Halsey),G-Eazy,88,73,59,-6,19
Friends (with BloodPop®),Justin Bieber,105,73,74,-5,62
Wild Thoughts (feat. Rihanna & Bryson Tiller),DJ Khaled,98,67,67,-3,63
My My My!,Troye Sivan,103,46,70,-8,48
Capital Letters,Hailee Steinfeld,100,81,66,-6,46
Sick Boy,The Chainsmokers,90,58,66,-8,45
Tequila,Dan + Shay,86,59,47,-6,50
Look What You Made Me Do,Taylor Swift,128,71,77,-6,51
Youth (feat. Khalid),Shawn Mendes,100,60,53,-7,32
Bad Liar,Selena Gomez,121,41,97,-6,73
Anywhere,Rita Ora,107,80,63,-4,32
Chun-Li,Nicki Minaj,129,73,69,-5,48
Sign of the Times,Harry Styles,120,57,52,-5,21
Familiar,Liam Payne,93,81,64,-5,91
Let Me,ZAYN,168,57,46,-6,19
Supernova,Ansel Elgort,140,62,77,-5,68
Nervous,Shawn Mendes,122,62,84,-7,74
End Game,Taylor Swift,159,59,65,-6,15
Mi Gente (feat. Beyoncé),J Balvin,105,72,76,-6,47
Lemon,N.E.R.D,95,73,92,-7,20
For You (With Rita Ora),Liam Payne,113,80,54,-5,18
Want To,Dua Lipa,92,69,57,-5,32
What I Need (feat. Kehlani),Hayley Kiyoko,104,79,63,-4,41
Wait,Maroon 5,126,60,66,-5,45
What About Us,P!nk,114,59,39,-6,19
2U (feat. Justin Bieber),David Guetta,145,61,53,-7,53
Walk On Water (feat. Beyoncé),Eminem,82,44,48,-10,62
This Town,Niall Horan,112,41,68,-8,20
"Girls (feat. Cardi B, Bebe Rexha & Charli XCX)",Rita Ora,94,69,73,-4,42
MOVE TO MIAMI,Enrique Iglesias,100,87,76,-4,90
Miss You (with Major Lazer & Tory Lanez),Cashmere Cat,100,64,75,-5,45
Filthy,Justin Timberlake,97,58,75,-6,65
Never Be the Same - Radio Edit,Camila Cabello,130,69,63,-4,25
Ferrari,Bebe Rexha,77,48,58,-6,42
Supplies,Justin Timberlake,120,55,79,-7,23
Boom Boom,RedOne,110,76,75,-8,58
...Ready For It? - BloodPop® Remix,Taylor Swift,160,84,58,-5,50
Drip (feat. Migos),Cardi B,130,59,97,-8,27
Tell Me You Love Me - NOTD Remix,Demi Lovato,102,77,58,-5,76
Memories,Maroon 5,91,32,76,-7,57
Lose You To Love Me,Selena Gomez,102,34,51,-9,9
Someone You Loved,Lewis Capaldi,110,41,50,-6,45
Señorita,Shawn Mendes,117,54,76,-6,75
How Do You Sleep?,Sam Smith,111,68,48,-5,35
South of the Border (feat. Camila Cabello & Cardi B),Ed Sheeran,98,62,86,-6,67
Trampoline (with ZAYN),SHAED,127,46,62,-6,50
Happier,Marshmello,100,79,69,-3,67
Truth Hurts,Lizzo,158,62,72,-3,41
Good as Hell (feat. Ariana Grande) - Remix,Lizzo,96,89,67,-3,48
Higher Love,Kygo,104,68,69,-7,40
Only Human,Jonas Brothers,94,50,80,-6,87
Beautiful People (feat. Khalid),Ed Sheeran,93,65,64,-8,55
Sucker,Jonas Brothers,138,73,84,-5,95
Don't Call Me Up,Mabel,99,88,67,-3,23
I Don't Care (with Justin Bieber),Ed Sheeran,102,68,80,-5,84
Talk (feat. Disclosure),Khalid,136,40,90,-9,35
Giant (with Rag'n'Bone Man),Calvin Harris,122,89,81,-4,61
Takeaway,The Chainsmokers,100,51,53,-8,35
All Around The World (La La La),R3HAB,125,86,73,-5,52
Girls Like You (feat. Cardi B),Maroon 5,125,54,85,-7,45
Call You Mine,The Chainsmokers,104,70,59,-6,52
No Guidance (feat. Drake),Chris Brown,93,45,70,-7,14
Antisocial (with Travis Scott),Ed Sheeran,152,82,72,-5,91
"Taki Taki (feat. Selena Gomez, Ozuna & Cardi B)",DJ Snake,96,80,84,-4,62
Con Calma - Remix,Daddy Yankee,94,87,74,-3,61
Find U Again (feat. Camila Cabello),Mark Ronson,104,66,61,-7,16
Cross Me (feat. Chance the Rapper & PnB Rock),Ed Sheeran,95,79,75,-6,61
"No Brainer (feat. Justin Bieber, Chance the Rapper & Quavo)",DJ Khaled,136,76,53,-5,65
Nothing Breaks Like a Heart (feat. Miley Cyrus),Mark Ronson,114,79,60,-6,24
Kills You Slowly,The Chainsmokers,150,44,70,-9,23
Sunrise,Norah Jones,157,30,53,-14,68
Black Night,Deep Purple,135,79,50,-11,81
Clint Eastwood,Gorillaz,168,69,66,-9,52
The Pretender,Foo Fighters,173,96,43,-4,37
Waitin' On A Sunny Day,Bruce Springsteen,106,82,58,-5,87
The Road Ahead (Miles Of The Unknown),City To City,99,46,54,-9,14
She Will Be Loved,Maroon 5,102,71,71,-6,54
Knights of Cydonia,Muse,137,96,37,-5,21
Mr. Brightside,The Killers,148,92,36,-4,23
Without Me,Eminem,112,67,91,-3,66
Love Me Tender,Elvis Presley,109,5,44,-16,31
Seven Nation Army,The White Stripes,124,46,74,-8,32
Als Het Golft,De Dijk,102,88,54,-6,59
I'm going home,Ten Years After,117,93,38,-2,40
Fluorescent Adolescent,Arctic Monkeys,112,81,65,-5,82
Zonder Jou,Paul de Leeuw,133,42,42,-10,25
Speed of Sound,Coldplay,123,90,52,-7,36
Uninvited,Alanis Morissette,127,54,38,-5,19
Music,John Miles,87,31,27,-13,12
Cry Me a River,Justin Timberlake,74,65,62,-7,56
Fix You,Coldplay,138,42,21,-9,12
The Cave,Mumford & Sons,142,51,60,-10,35
Als De Morgen Is Gekomen,Jan Smit,96,89,63,-6,81
Somebody Told Me,The Killers,138,99,51,-3,65
Dichterbij Dan Ooit,BLØF,112,74,65,-7,52
Miracle,Ilse DeLange,130,48,55,-8,18
Smokers Outside the Hospital Doors,Editors,123,68,53,-4,55
Cleanin' Out My Closet,Eminem,148,76,91,-5,87
Der Weg,Herbert Grönemeyer,142,24,34,-11,19
7 Seconds (feat. Neneh Cherry),Youssou N'Dour,154,70,68,-10,51
The Scientist,Coldplay,146,44,56,-7,21
Big Log - 2006 Remaster,Robert Plant,181,59,56,-9,68
Chasing Pavements,Adele,80,47,62,-6,33
Don't Know Why,Norah Jones,88,20,73,-12,62
Tears Dry On Their Own,Amy Winehouse,122,87,64,-3,45
The Eyes of Jenny,Sandy Coast,119,53,68,-12,68
Iris,The Goo Goo Dolls,156,79,29,-6,51
The Saints Are Coming,U2,152,81,32,-7,12
All My Life,Foo Fighters,168,60,58,-6,65
De Weg,Guus Meeuwis,72,21,46,-11,26
Don't Let Me Be Misunderstood,Santa Esmeralda,118,82,67,-9,78
Traffic - Radio Edit,Tiësto,138,64,71,-10,10
Take Me Out,Franz Ferdinand,105,68,28,-9,49
American Idiot,Green Day,186,99,38,-2,77
Breaking the Habit,Linkin Park,100,85,58,-5,58
Come Undone,Robbie Williams,168,57,38,-5,26
Sweet Jane,Lou Reed,115,46,83,-10,88
Run,Snow Patrol,75,64,37,-6,20
"You're The First, The Last, My Everything",Barry White,131,72,64,-7,80
The Day After Tomorrow,Saybia,76,77,46,-5,35
Just Breathe,Pearl Jam,108,35,47,-11,28
Dansen Aan Zee,BLØF,194,43,35,-11,26
Goodbye My Lover,James Blunt,90,26,43,-13,27
The Unforgiven III,Metallica,122,77,30,-3,9
Hurt,Christina Aguilera,149,30,33,-7,14
Grounds for Divorce,Elbow,92,76,52,-5,63
Sometimes You Can't Make It On Your Own,U2,96,60,53,-6,35
"Listen (From the Motion Picture ""Dreamgirls"")",Beyoncé,123,59,48,-5,20
I Want It That Way,Backstreet Boys,99,70,69,-6,48
Goin To The Run,Golden Earring,124,59,47,-8,18
De Neus Umhoeg,Rowwen Hèze,132,41,62,-14,51
Solitary Man,Johnny Cash,86,56,44,-7,70
Smoorverliefd,Doe Maar,166,75,70,-9,91
Me Gustas Tu,Manu Chao,176,74,66,-7,91
Kryptonite,3 Doors Down,99,87,55,-6,54
Crazy,Seal,103,86,63,-7,73
Family Portrait,P!nk,92,69,76,-5,73
In The Army Now,Status Quo,105,73,68,-8,94
I Surrender,Saybia,136,43,28,-7,7
Maybe Tomorrow,Stereophonics,81,65,50,-7,57
Make You Feel My Love,Adele,77,18,55,-11,9
No One Knows,Queens of the Stone Age,171,58,51,-5,67
Where Do You Go To (My Lovely) - Re-Recorded,Peter Sarstedt,183,44,56,-8,44
The Wild Rover,The Dubliners,178,68,30,-8,77
Little Lion Man,Mumford & Sons,139,48,52,-8,46
Dirty Diana,Michael Jackson,131,80,75,-5,37
Ne me quitte pas,Jacques Brel,101,24,42,-11,30
Sad Man's Tongue,Volbeat,110,96,43,-4,56
Wat Zou Je Doen - Live,Marco Borsato,104,92,66,-6,46
One Day Like This,Elbow,159,67,43,-6,38
Bagagedrager,Spinvis,160,71,50,-8,33
Wêr Bisto,Twarres,88,32,52,-11,18
Only Time,Enya,83,25,42,-14,21
Sorry Seems To Be The Hardest Word,Blue,79,60,56,-7,44
Self Esteem,The Offspring,105,91,46,-4,61
Aanzoek Zonder Ringen,BLØF,160,85,55,-8,46
Modern World,Anouk,120,76,70,-5,68
Rosie,Claw Boys Claw,100,55,59,-12,64
This Is Not America - 2002 Remaster,David Bowie,115,67,72,-12,65
Times Like These,Foo Fighters,145,91,38,-4,27
De Vondeling Van Ameland,Boudewijn de Groot,110,35,39,-10,16
I'm Gonna Be (500 Miles),The Proclaimers,132,55,85,-5,81
Afscheid Nemen Bestaat Niet,Marco Borsato,128,40,40,-9,22
Blauwe Ruis,BLØF,130,70,52,-7,35
Limburg - Live,Rowwen Hèze,157,93,23,-5,28
21 Guns,Green Day,160,74,27,-5,42
Valerie (feat. Amy Winehouse) - Version Revisited,Mark Ronson,106,84,70,-5,89
Blaosmuziek,Gé Reinders,61,13,27,-14,18
Binnen,Marco Borsato,92,90,50,-7,67
Motorcycle Emptiness,Manic Street Preachers,112,81,53,-4,21
In the End,Linkin Park,105,86,56,-6,40
Halt mich,Herbert Grönemeyer,104,44,29,-7,16
Girl,Anouk,136,80,67,-5,79
"Trapped - Live at Meadowlands Arena, E. Rutherford, NJ - August 1984",Bruce Springsteen,162,62,32,-6,36
Ik Wou Dat Ik Jou Was,Veldhuis & Kemper,160,61,36,-6,49
Numb / Encore,JAY-Z,107,79,69,-4,75
Ben Ik Te Min,Armand,101,69,62,-7,56
All Summer Long,Kid Rock,103,86,70,-4,89
Forever Autumn,Jeff Wayne,122,49,35,-7,21
Waiting On the World to Change,John Mayer,177,76,58,-6,66
Everybody's Changing,Keane,94,84,52,-4,46
How to Save a Life,The Fray,122,74,64,-4,36
"Bloed, Zweet En Tranen",Andre Hazes,68,72,60,-4,37
"Lose Yourself - From ""8 Mile"" Soundtrack",Eminem,171,74,69,-5,6
Europa (Earth's Cry Heaven's Smile),Santana,75,67,30,-5,68
Feeling Good,Muse,109,42,35,-8,27
"Harder, Better, Faster, Stronger",Daft Punk,123,72,82,-9,69
Use Somebody,Kings of Leon,137,72,28,-5,17
Sweet Disposition,The Temper Trap,129,82,53,-7,34
Single Ladies (Put a Ring on It),Beyoncé,193,58,43,-5,27
You're the Voice,John Farnham,85,76,37,-9,64
Voltooid Verleden Tijd,IOS,138,44,46,-9,15
Eternal Flame,The Bangles,79,36,53,-7,40
Papa Was A Rolling Stone,The Temptations,120,60,85,-12,87
Crazy In Love (feat. Jay-Z),Beyoncé,99,77,65,-7,68
Best of You,Foo Fighters,130,94,37,-5,37
Daughters,John Mayer,125,41,67,-8,50
De wedstrijd,Bram Vermeulen,136,85,58,-6,58
Papillon,Editors,126,95,51,-5,63
Sadeness,Enigma,96,64,59,-10,49
Red Mij Niet - Single Edit,Maarten Van Roozendaal,119,38,52,-9,13
Love Is A Losing Game,Amy Winehouse,165,56,48,-6,54
Zij,Marco Borsato,58,40,25,-9,11
Tribute,Tenacious D,94,77,37,-6,42
You Know I'm No Good,Amy Winehouse,103,81,71,-4,73
Talk,Coldplay,120,56,41,-11,16
Love Is A Battlefield,Pat Benatar,91,63,67,-12,86
Home,Michael Bublé,128,37,61,-9,35
Sonne,Rammstein,75,92,51,-5,31
I Gotta Feeling,The Black Eyed Peas,128,77,74,-6,61
She Sells Sanctuary,The Cult,139,77,55,-9,42
Alie,Normaal,93,77,52,-11,93
Red Red Wine,UB40,89,47,86,-9,84
A Little Less Conversation - JXL Radio Edit Remix,Elvis Presley,115,97,60,-6,72
Love You More,Racoon,171,20,34,-11,30
Old Man,Neil Young,141,30,71,-12,48
Zij Maakt Het Verschil,De Poema's,173,55,34,-8,36
I Want To Hold Your Hand - Remastered 2015,The Beatles,131,72,49,-6,87
Black Magic Woman,Santana,124,55,50,-7,63
Set The Fire To The Third Bar,Snow Patrol,96,38,54,-7,39
Ghost Love Score,Nightwish,101,78,44,-5,19
Going To A Town,Rufus Wainwright,124,46,56,-7,19
Is Dit Alles,Doe Maar,121,41,83,-14,88
A Gentleman's Excuse Me,Fish,126,17,33,-14,19
God Put a Smile upon Your Face,Coldplay,127,56,61,-6,24
Heartbreak Warfare,John Mayer,97,55,62,-8,31
Sailing to Philadelphia,Mark Knopfler,99,48,59,-10,15
Accidentally In Love,Counting Crows,138,93,55,-4,81
It's Raining Men,The Weather Girls,136,93,66,-6,46
One Word,Anouk,92,57,62,-8,34
Goodnight Saigon,Billy Joel,129,39,59,-14,15
Moonlight Shadow,Mike Oldfield,129,72,61,-8,80
Zing - Vecht - Huil - Bid - Lach - Werk En Bewonder,Ramses Shaffy,130,32,53,-17,46
Uprising,Muse,128,91,60,-4,41
My Immortal,Evanescence,79,27,19,-9,10
Feel Like Flying,Racoon,98,69,67,-7,83
Everything,Michael Bublé,123,69,69,-5,49
Hey There Delilah,Plain White T's,104,29,66,-11,30
Speeltuin,Marco Borsato,112,8,53,-16,31
"Comptine d'un autre été, l'après-midi",Yann Tiersen,100,19,48,-15,6
Sweet Goodbyes,Krezip,110,33,63,-9,47
The Man Who Can't Be Moved,The Script,100,63,61,-5,33
"Free Fallin' - Live at the Nokia Theatre, Los Angeles, CA - December 2007",John Mayer,173,30,32,-13,44
Halo,Beyoncé,80,72,51,-6,47
Hollereer,De Jeugd Van Tegenwoordig,190,76,79,-7,49
Hier,BLØF,164,76,50,-8,58
Ice Queen,Within Temptation,92,57,26,-8,15
Another 45 Miles,Golden Earring,91,59,56,-10,48
Like a Hurricane - 2003 Remaster,Neil Young,114,83,42,-5,61
Father & Friend,Alain Clark,98,62,66,-9,66
"(I've Had) The Time of My Life - From ""Dirty Dancing"" Soundtrack",Bill Medley,109,78,70,-8,39
The Blower's Daughter,Damien Rice,133,20,34,-14,7
Magnificent,U2,115,72,53,-6,59
Virtual Insanity - Remastered,Jamiroquai,92,95,66,-5,52
Belle Hélène,Doe Maar,138,56,74,-10,98
Go With The Flow,Queens of the Stone Age,159,99,24,-4,37
Sound Of The Screameng Day,Golden Earrings,138,55,59,-8,50
Plug in Baby,Muse,136,97,41,-4,35
Heavy Cross,Gossip,120,69,79,-4,22
Nederwiet,Doe Maar,131,71,78,-9,61
Heart Of Glass,Blondie,115,70,73,-8,41
The Real Slim Shady,Eminem,105,66,95,-4,76
Stuck In A Moment You Can't Get Out Of,U2,159,64,52,-5,32
Tumble and Fall,JOHAN,170,61,45,-7,48
Les lacs du Connemara,Michel Sardou,112,59,30,-10,40
Hier Kom Ik Weg,Daniël Lohues,92,38,57,-10,53
Starlight,Muse,122,87,55,-4,32
Dakota,Stereophonics,147,93,51,-3,31
Time To Say Goodbye (Con Te Partirò),Sarah Brightman,105,44,29,-7,45
Green Eyes,Coldplay,130,41,61,-9,23
Silence (feat. Sarah McLachlan) - DJ Tiësto's In Search of Sunrise Edit,Delerium,138,85,60,-6,9
De Kapitein Deel II,Acda en de Munnik,115,61,67,-11,67
Supermassive Black Hole,Muse,120,92,67,-4,78
Pak Maar M'n Hand,Nick & Simon,166,57,32,-5,38
De Bom,Doe Maar,133,81,86,-8,85
Bombay,Golden Earring,125,92,52,-7,73
Mary Jane's Last Dance,Tom Petty and the Heartbreakers,170,66,46,-9,53
Oerend Hard,Normaal,127,66,66,-10,84
Society,Eddie Vedder,162,33,56,-11,30
White Flag,Dido,170,54,51,-7,28
Heaven Must Be Missing An Angel - Pt. 1,Tavares,117,75,61,-9,97
Wake Me up When September Ends,Green Day,105,81,55,-5,15
Can't Stop,Red Hot Chili Peppers,91,94,62,-3,88
Driving Home for Christmas,Chris Rea,180,66,50,-9,89
Mutter,Rammstein,116,62,49,-7,8
Pa,Doe Maar,129,59,93,-12,96
Blauw,The Scene,135,75,51,-7,28
Spicks And Specks,Bee Gees,123,63,65,-7,71
Stan,Eminem,80,77,78,-4,51
Beautiful,Christina Aguilera,76,57,46,-4,10
Gravity,John Mayer,124,33,76,-10,24
Leave the Light On,Beth Hart,142,48,57,-6,16
Ruthless Queen,Kayak,124,46,53,-10,22
Everlong - Acoustic Version,Foo Fighters,144,34,64,-11,55
Here Without You,3 Doors Down,144,55,54,-7,23
One,Mary J. Blige,186,87,34,-3,27
Mijn Houten Hart,De Poema's,70,59,43,-6,25
Mad World (Feat. Michael Andrews),Gary Jules,174,6,35,-17,30
Sinds 1 Dag Of 2 (32 Jaar),Doe Maar,114,60,88,-11,96
The Wall Street Shuffle,10cc,98,50,52,-11,66
Song 2,Blur,130,71,66,-7,86
I Would Stay,Krezip,95,26,47,-11,27
Piano Man,Billy Joel,179,47,33,-9,43
Fireflies,Owl City,180,66,51,-7,46
Lost,Anouk,90,25,52,-10,14
Woman,Wolfmother,113,95,22,-4,17
Where Is The Love?,The Black Eyed Peas,94,70,83,-3,80
Yellow,Coldplay,173,66,43,-7,28
This Is The Life,Amy Macdonald,95,88,62,-5,86
Wicked Game,Chris Isaak,113,55,67,-8,29
Breakeven,The Script,94,70,63,-5,53
Not An Addict,K's Choice,169,65,26,-7,34
So Incredible,Ilse DeLange,104,86,54,-6,75
Mr Rock & Roll,Amy Macdonald,111,87,60,-5,44
Will You Be There - Single Version,Michael Jackson,83,63,41,-7,44
Vlinder,Rowwen Hèze,175,79,35,-5,80
Cambodia,Kim Wilde,111,57,70,-8,71
Back To Black,Amy Winehouse,123,73,49,-3,34
Dochters,Marco Borsato,128,52,64,-10,36
Hocus Pocus,Focus,184,82,26,-6,40
Mensch,Herbert Grönemeyer,174,78,68,-6,87
Amsterdam,Coldplay,73,18,26,-10,11
Time Is Running Out,Muse,118,84,59,-6,43
Rain Down on Me,Kane,133,88,46,-3,33
Denis,Blondie,139,77,53,-7,86
Hometown Glory,Adele,123,34,45,-9,21
Live And Let Die - Live,Paul McCartney,150,93,24,-3,23
I Still Cry,Ilse DeLange,98,35,54,-9,16
Ren Lenny Ren,Acda en de Munnik,110,87,51,-5,43
In My Place,Coldplay,145,59,43,-5,19
Numb,Linkin Park,110,86,50,-4,24
Slow Dancing in a Burning Room,John Mayer,134,36,67,-9,29
Empire State Of Mind,JAY-Z,174,96,49,-2,81
Drops of Jupiter,Train,79,64,47,-6,50
Omarm,BLØF,184,44,27,-9,8
(What A) Wonderful World,Sam Cooke,129,51,69,-10,89
Teardrops,Womack & Womack,133,72,87,-10,97
The Rising,Bruce Springsteen,110,76,50,-6,33
Snow (Hey Oh),Red Hot Chili Peppers,105,90,43,-4,60
I Don't Wanna Hurt,Anouk,79,48,48,-7,22
Ordinary People,John Legend,67,13,47,-14,36
Iedereen Is Van De Wereld,The Scene,118,73,45,-7,38
Gold,Spandau Ballet,143,74,71,-8,64
All Night Long (All Night) - Single Version,Lionel Richie,109,58,74,-12,78
Can't Stop Loving You - 2016 Remaster,Phil Collins,100,78,60,-6,42
City Of Blinding Lights,U2,139,77,44,-4,20
Munich,Editors,149,88,18,-4,39
Hey Ya!,OutKast,80,97,73,-2,97
There Must Be an Angel (Playing with My Heart),Eurythmics,112,78,58,-5,60
Laat Me / Vivre - Lange Versie,Alderliefste met Ramses Shaffy en Liesbeth List,81,41,66,-9,37
Watskeburt?!,De Jeugd Van Tegenwoordig,130,49,95,-8,59
Feel,Robbie Williams,98,73,60,-7,29
Lady Jane - (Original Single Mono Version),The Rolling Stones,205,47,38,-12,31
La Isla Bonita,Madonna,100,83,71,-5,97
Go Like Elijah,Chi Coltrane,134,88,63,-5,49
Chop Suey!,System Of A Down,127,93,42,-4,29
Sorry - (Live in Tivoli),Kyteman,68,47,35,-9,20
Black or White - Single Version,Michael Jackson,115,89,74,-4,96
Shut Your Eyes,Snow Patrol,125,74,69,-6,84
Ironic,Alanis Morissette,171,64,46,-6,29
I Bet You Look Good On The Dancefloor,Arctic Monkeys,103,95,54,-4,78
Vogue,Madonna,116,88,74,-6,33
If I Were a Boy,Beyoncé,90,52,63,-6,43
Dyna-Mite,Mud,141,92,58,-5,77
Une Belle Histoire (Een Mooi Verhaal),Alderliefste,87,68,57,-8,67
Sandstorm - Radio Edit,Darude,136,98,54,-8,52
Right Next Door (Because Of Me),Robert Cray,87,65,61,-8,79
Hald Mich 'S Vas,Neet Oét Lottum,179,54,29,-8,16
Like a Prayer,Madonna,111,84,62,-5,26
Rockin' All Over The World,Status Quo,131,96,62,-5,97
Blue Hotel,Chris Isaak,149,81,52,-4,53
Dear Mr. President,P!nk,128,30,48,-9,30
Stiekem Gedanst,Toontje Lager,96,63,66,-10,84
Human,The Killers,135,80,56,-8,58
Lady Madonna - Remastered 2015,The Beatles,110,78,65,-5,57
Both Sides Now,Joni Mitchell,78,14,26,-14,14
God Is a DJ,Faithless,131,90,61,-7,39
Viva La Vida,Coldplay,138,62,49,-7,42
Kids,MGMT,123,93,45,-4,17
Bend & Break,Keane,138,84,47,-4,48
We Can Work It Out - Remastered 2015,The Beatles,106,68,38,-9,65
Sing for Absolution,Muse,170,68,44,-7,19
Superstition - Single Version,Stevie Wonder,100,63,63,-12,87
Vertigo,U2,140,82,42,-4,63
By the Way,Red Hot Chili Peppers,122,97,45,-5,20
Hey Jude,The Beatles,74,63,46,-7,59
November,Rowwen Hèze,186,40,32,-9,23
Geef Mij Je Angst,Guus Meeuwis,81,56,37,-11,42
Stuck In The Middle With You,Stealers Wheel,124,56,80,-10,96
Het Regent Zonnestralen,Acda en de Munnik,108,75,62,-6,83
Violet Hill,Coldplay,76,58,35,-8,11
Beautiful Day,U2,136,93,54,-6,45
Major Tom,Peter Schilling,164,54,78,-6,68
An End Has a Start,Editors,150,92,35,-2,54
Lost!,Coldplay,87,78,36,-8,58
What It Is,Mark Knopfler,122,67,63,-7,48
Blue Monday - 2016 Remaster,New Order,130,70,79,-10,86
Behind Blue Eyes,Limp Bizkit,120,49,60,-7,9
Rehab,Amy Winehouse,72,87,43,-3,73
Bird of Paradise,Snowy White,144,44,47,-11,31
I'm Yours,Jason Mraz,151,46,69,-8,72
Onderweg,Abel,98,68,62,-6,41
Mr. Bojangles - Single Version,Sammy Davis Jr.,117,18,54,-13,13
Unwritten,Natasha Bedingfield,100,80,71,-6,63
Resistance,Muse,135,77,47,-7,9
Bedshaped,Keane,75,41,33,-7,7
Mia,Gorki,114,30,70,-17,23
You Oughta Know,Alanis Morissette,105,86,64,-7,47
Overcome,Live,146,40,38,-7,19
Stand My Ground,Within Temptation,88,87,25,-4,13
Chasing Cars,Snow Patrol,104,59,56,-5,14
Dani California,Red Hot Chili Peppers,96,91,56,-2,73
Unfinished Sympathy,Massive Attack,114,89,59,-6,70
Nine Million Bicycles,Katie Melua,82,25,53,-16,34
You're Beautiful,James Blunt,82,48,68,-10,45
It's My Life,Bon Jovi,120,91,55,-4,54
Politik,Coldplay,171,48,26,-8,7
Mooie Dag,BLØF,85,58,50,-11,30
In Nije Dei,De Kast,130,49,41,-9,15
Sex on Fire,Kings of Leon,153,91,54,-6,37
Hallelujah,Lisa Lois,182,24,19,-13,11
Somewhere Only We Know,Keane,172,66,45,-4,37
How You Remind Me,Nickelback,172,76,45,-5,54
When You Say Nothing At All,Ronan Keating,174,45,46,-11,42
Hard Sun,Eddie Vedder,143,83,44,-7,65
Belfast Child,Simple Minds,81,39,14,-13,30
Feel Good Inc.,Gorillaz,139,71,82,-7,77
Alles Is Liefde,BLØF,144,77,51,-6,57
Jerusalem,Anouk,132,84,61,-7,54
Mr Bojangles,Robbie Williams,137,33,51,-11,27
Tranen Gelachen,Guus Meeuwis,186,54,30,-8,54
When The Sun Goes Down,Arctic Monkeys,169,88,35,-5,41
Frozen,Madonna,108,74,59,-8,29
The Racing Rats,Editors,153,84,32,-4,22
Poker Face,Lady Gaga,119,81,85,-5,78
Life in Technicolor ii,Coldplay,131,91,47,-7,29
Ruby,Kaiser Chiefs,93,93,44,-3,40
Het Land Van,Lange Frans,83,53,66,-9,61
Elevation,U2,110,80,58,-8,42
Trouble,Coldplay,140,55,56,-7,19
De Peel In Brand,Rowwen Hèze,199,36,28,-13,33
Black Betty,Ram Jam,117,73,49,-9,83
Wrong,Novastar,90,66,54,-8,49
Never Be Clever,Herman Brood & His Wild Romance,138,89,56,-5,96
Undisclosed Desires,Muse,116,59,68,-7,64
Auto Vliegtuug,Rowwen Hèze,96,52,32,-7,25
Meer Dan Een Ander,Van Dik Hout,94,18,56,-13,25
Brabant,Guus Meeuwis,82,47,41,-7,39
Mother Earth,Within Temptation,105,59,43,-6,15
One More Time,Daft Punk,123,70,61,-9,48
(You're The) Devil in Disguise,Elvis Presley,123,73,48,-8,87
TRUE - Single Edit,Spandau Ballet,97,55,74,-9,35
Make It Wit Chu,Queens of the Stone Age,92,81,70,-5,58
Bring Me To Life,Evanescence,95,94,33,-3,30
Clocks,Coldplay,131,75,58,-7,26
Farewell To The Fairground,White Lies,118,77,53,-5,30
Bliss,Muse,128,80,45,-9,25
Kijk Omhoog,Nick & Simon,166,56,41,-5,47
9 Crimes,Damien Rice,74,17,33,-13,10
Working On a Dream,Bruce Springsteen,110,77,56,-7,71
Nutbush City Limits,Ike & Tina Turner,77,89,69,-6,91
Do They Know It's Christmas? - 1984 Version,Band Aid,115,64,60,-7,35
Changes,2Pac,111,66,87,-7,32
Mag Ik Dan Bij Jou,Claudia De Breij,132,29,54,-10,19
Sterrenstof,De Jeugd Van Tegenwoordig,97,79,71,-4,90
Love Will Tear Us Apart - 2010 Remaster,Joy Division,147,90,53,-9,91
Mag Het Licht Uit,De Dijk,113,42,74,-10,58
Why Tell Me Why,Anita Meyer,112,77,65,-6,38
Wonderful Days,Charly Lownoise,174,92,55,-11,11
Dat Komt Door Jou,Guus Meeuwis,134,53,59,-10,31
Don't Give up the Fight,Racoon,91,30,28,-13,26
I Follow Rivers - Live @ Giel!,Triggerfinger,110,41,67,-9,71
Liverpool Rain,Racoon,183,50,45,-7,21
No Mercy,Racoon,104,57,77,-6,61
Peter Gunn Theme,"Emerson, Lake & Palmer",131,83,43,-7,71
Alors on danse,Stromae,120,59,79,-9,73
The Eve of the War,Jeff Wayne,127,59,40,-9,37
A Night Like This,Caro Emerald,123,71,87,-6,96
Verdammt ich lieb dich - Remastered,Matthias Reim,100,80,59,-7,32
Christmas Lights,Coldplay,131,42,31,-9,24
The Promise You Made,Cock Robin,117,41,71,-14,65
Back Home,Golden Earring,123,84,47,-6,74
Times Are Changing,DI-RECT,123,81,50,-6,28
Proosten,Guus Meeuwis,136,65,64,-6,76
Need You Now,Lady Antebellum,108,72,58,-4,32
Man Down,Rihanna,156,91,48,-4,54
Pyro,Kings of Leon,115,61,37,-7,19
You Got It,Roy Orbison,115,59,66,-12,67
Atmosphere - 2010 Remaster,Joy Division,120,39,62,-12,44
Have You Ever Been Mellow,Party Animals,172,96,60,-4,57
Back Down South,Kings of Leon,117,62,48,-7,15
Riverside,Agnes Obel,99,19,65,-14,23
Hold On Tight,Solomon Burke,89,73,63,-6,50
Rainbow In The Sky - K & A's Radio Blast,DJ Paul Elstak,168,94,48,-7,26
Levels,Avicii,126,83,60,-7,35
Somebody That I Used To Know,Gotye,129,50,86,-7,72
Rood,Marco Borsato,138,78,48,-8,18
A Boy Named Sue (Live),Johnny Cash,105,46,52,-16,89
Still Loving You,Scorpions,104,61,28,-5,8
Little Black Submarines,The Black Keys,95,47,37,-8,49
Walk,Foo Fighters,138,87,23,-5,19
The A Team,Ed Sheeran,85,29,64,-10,41
kom terug,Spinvis,97,73,50,-6,24
Prachtig mooie dag,Daniël Lohues,103,69,55,-4,56
lippy kids,Elbow,155,20,42,-15,10
Faster,Within Temptation,120,93,51,-3,48
Lonely Boy,The Black Keys,166,87,36,-8,61
Turning Tables,Adele,80,45,31,-6,21
Luv U More - K&A's Radio blast,DJ Paul,168,82,51,-11,7
Kan Ik Iets Voor Je Doen,De Dijk,79,73,50,-6,45
Driver's Seat,Sniff 'n' The Tears,133,80,74,-8,98
Zing Voor Me,Lange Frans,82,52,43,-9,56
Every Teardrop Is a Waterfall,Coldplay,118,73,43,-7,31
Waarom Nou Jij,Marco Borsato,140,51,44,-8,25
Mijn Vlakke Land,Jacques Brel,79,33,40,-11,46
Rumour Has It,Adele,120,75,62,-5,56
Keep Your Head Up,Ben Howard,79,60,51,-9,40
Pumped Up Kicks,Foster The People,128,71,73,-6,97
Happiness,Jonathan Jeremiah,89,57,53,-10,49
Give Me Love,Ed Sheeran,116,33,53,-10,11
Gold on the Ceiling,The Black Keys,130,83,51,-5,56
Ni**as In Paris,JAY-Z,140,86,79,-6,77
I Won' T Let You Down,Road Band,106,35,64,-14,59
Lego House,Ed Sheeran,160,64,59,-8,56
Skinny Love,Birdy,166,29,38,-8,17
Dust Bowl,Joe Bonamassa,86,75,52,-7,70
Damn Those Eyes,Kane,172,76,34,-7,33
Original Sin,INXS,132,63,69,-7,74
Terug Naar De Kust,Maggie MacNeal,117,45,49,-9,40
Georgia on My Mind,Ray Charles,131,32,29,-8,20
Charlie Brown,Coldplay,138,74,43,-7,9
I've Just Lost Somebody,Golden Earring,88,40,37,-13,27
Skyfall - Full Length,Adele,76,55,35,-7,8
Zo Stil,BLØF,170,69,57,-7,78
Holiday In Spain,Counting Crows,126,32,65,-11,28
Radioactive,Imagine Dragons,136,78,45,-4,24
Video Games - Remastered,Lana Del Rey,122,26,39,-10,18
Demons,Imagine Dragons,90,71,51,-3,43
She,Elvis Costello,131,28,33,-13,28
I Will Wait,Mumford & Sons,131,76,48,-5,45
Home Again,Kensington,142,75,50,-6,30
Tubular Bells,Mike Oldfield,149,20,28,-17,16
Winter,Tori Amos,78,20,24,-14,27
Droomland,Andre Hazes,100,47,32,-7,25
Wat Zou Je Doen?,BLØF,184,51,35,-8,22
Madness,Muse,180,42,50,-8,22
Sovereign Light Café,Keane,123,73,54,-6,51
Can't Hold Us - feat. Ray Dalton,Macklemore & Ryan Lewis,146,92,64,-4,85
Lover of the Light,Mumford & Sons,107,69,30,-7,37
San Quentin,Johnny Cash,84,40,70,-14,82
On Top Of The World,Imagine Dragons,100,93,64,-6,76
Flappie,Youp van 't Hek,131,24,75,-13,67
If You Could See Me Now,The Script,100,76,51,-7,35
Dodenrit,Drs. P,148,60,51,-14,96
When I Was Your Man,Bruno Mars,73,28,61,-9,39
I Won't Give Up,Jason Mraz,137,30,59,-10,14
Slapeloze Nachten,The Opposites,112,65,81,-7,81
One Moment in Time,Whitney Houston,155,54,27,-7,33
Zaterdag,BLØF,141,71,75,-10,90
Babel,Mumford & Sons,80,81,37,-6,65
Hopeless Wanderer,Mumford & Sons,154,58,27,-8,20
Follow the Sun,Xavier Rudd,124,39,61,-11,22
Later Als Ik Groter Ben,BLØF,130,73,53,-5,57
Stay - Album Version (Edited),Rihanna,112,31,62,-10,13
It's Time,Imagine Dragons,105,88,66,-5,86
Little Talks,Of Monsters and Men,103,76,45,-5,42
Euphoria,Loreen,132,68,52,-5,11
Oceaan,Racoon,126,34,47,-8,24
Lola Montez,Volbeat,152,88,51,-5,68
Formidable,Stromae,71,63,51,-9,50
Do I Wanna Know?,Arctic Monkeys,85,53,55,-8,41
Another Love,Tom Odell,123,54,45,-9,13
I See Fire,Ed Sheeran,76,5,63,-21,20
This Is What It Feels Like,Armin van Buuren,130,83,55,-5,14
Dansen Op De Vulkaan,De Dijk,151,95,58,-4,78
Witch Doctor,De Staat,145,56,60,-7,33
Papaoutai,Stromae,116,81,73,-7,25
Strong,London Grammar,78,40,57,-11,30
Layla,Derek & The Dominos,114,93,41,-5,39
Waves,Mr. Probz,174,28,36,-12,20
All I Want,Kodaline,86,41,21,-10,16
Addicted To You,Avicii,128,79,57,-4,30
Just Say Yes,Snow Patrol,108,88,54,-5,25
Watermensen,3JS,144,40,56,-8,46
Sky and Sand,Paul Kalkbrenner,127,33,79,-13,53
The Monster,Eminem,110,85,78,-4,62
Mirrors,Justin Timberlake,77,51,57,-7,51
Royals,Lorde,85,43,67,-10,34
tous les mêmes,Stromae,110,64,70,-9,65
Mijn Van Straat Geredde Roos,De Dijk,81,76,50,-5,61
Love You Like I Love Myself,Herman Brood & His Wild Romance,148,84,52,-7,86
I Sat By The Ocean,Queens of the Stone Age,117,78,52,-4,90
Everybody (Backstreet's Back) - Radio Edit,Backstreet Boys,108,87,74,-3,59
A Ton of Love,Editors,142,96,46,-4,40
Grow Old with Me,Tom Odell,146,58,47,-7,37
Things We Lost In The Fire,Bastille,134,92,59,-5,63
The Road To Mandalay,Robbie Williams,99,68,62,-8,53
Iron Sky,Paolo Nutini,140,63,39,-7,32
Rolling In The Deep,Adele,105,76,73,-5,54
Streets,Kensington,168,77,38,-6,42
Take Me to Church,Hozier,129,66,57,-5,44
Une belle histoire,Michel Fugain,83,58,27,-9,65
In Your Arms,Chef'Special,93,41,67,-12,36
Born Slippy (Nuxx),Underworld,140,95,58,-9,30
War,Kensington,126,81,64,-6,72
Op 't platteland,Daniël Lohues,80,37,56,-10,28
Calm After The Storm,The Common Linnets,116,39,69,-11,38
Riddles,Kensington,148,70,49,-8,62
Under The Pressure,The War On Drugs,134,71,33,-7,19
Magic,Coldplay,93,48,74,-9,36
Photograph,Ed Sheeran,108,38,61,-10,20
All For Nothing,Kensington,152,86,46,-6,37
My Silver Lining,First Aid Kit,102,73,48,-5,43
Zandloper,Typhoon,135,72,76,-8,51
Red Eyes,The War On Drugs,162,82,46,-6,47
L'amour Toujours (Small Mix),Gigi D'Agostino,139,88,64,-4,74
"See Me, Feel Me - Single Version",The Who,94,34,38,-11,8
Hemel Valt,Typhoon,97,74,66,-7,74
Glycerine,Bush,114,34,44,-11,8
Wit Licht,Jeroen van Koningsbrugge,146,69,59,-7,19
Yellow Submarine,The Beatles,111,64,62,-7,65
California Love,2Pac,92,88,66,-3,77
Superheroes,The Script,167,89,49,-4,64
Looking Too Closely,Fink,175,52,48,-12,10
No Good in Goodbye,The Script,156,87,37,-5,22
Counting Stars,OneRepublic,122,71,66,-5,48
Time After Time,Cyndi Lauper,130,44,72,-9,32
Sexy Als Ik Dans,Nielson,94,54,79,-7,89
Done With It,Kensington,116,78,65,-7,63
Shut Up and Dance,WALK THE MOON,128,87,58,-4,62
Nothing Really Matters,Mr. Probz,135,23,40,-9,28
Promises of No Man's Land,Blaudzun,124,85,62,-6,64
Let It Go,James Bay,147,31,55,-10,25
The Sound of Silence,Disturbed,86,28,32,-9,18
Het Dorp - Live,Wim Sonneveld,114,44,37,-15,45
Psycho,Muse,125,88,56,-3,51
Élan,Nightwish,128,58,57,-9,30
Dat Ik Je Mis,Maaike Ouboter,174,13,50,-13,28
Heading Up High,Armin van Buuren,128,93,52,-5,20
Zeg Maar Niets Meer - Remastered,Andre Hazes,95,79,36,-8,30
Birds,Anouk,85,41,17,-8,9
Michel,Anouk,122,39,58,-8,16
Let It Happen,Tame Impala,125,88,60,-6,58
Everglow,Coldplay,146,45,54,-9,14
The Less I Know The Better,Tame Impala,117,74,64,-4,79
Ordinary Love,U2,121,48,66,-9,35
Stressed Out,Twenty One Pilots,170,64,73,-6,65
For Bitter Or Worse,Anouk,83,41,27,-8,32
All I Need - Edit,Air,95,42,50,-12,22
Hymn for the Weekend,Coldplay,90,74,49,-5,36
Adventure of a Lifetime,Coldplay,112,92,64,-4,53
Three Days In A Row,Anouk,171,50,36,-6,39
Moondance,Van Morrison,135,33,65,-11,52
R U Kiddin' Me,Anouk,89,82,53,-6,69
"Theme From New York, New York",Frank Sinatra,109,59,41,-5,56
Hold Me,Douwe Bob,161,38,35,-8,36
Budapest,George Ezra,128,46,72,-8,39
Shoes of Lightning,Racoon,78,40,54,-8,17
Tennessee Whiskey,Chris Stapleton,49,37,39,-11,51
"Oxygene, Pt. 4",Jean-Michel Jarre,189,76,43,-8,66
A Head Full of Dreams,Coldplay,123,92,45,-5,8
We Come 1 - Radio Edit,Faithless,136,90,65,-11,61
Forever Man - 2015 Remaster,Eric Clapton,111,90,64,-6,78
Down Man,Brainbox,168,76,43,-9,51
Liquid Spirit - Claptone Remix,Gregory Porter,121,62,88,-9,30
Living Doll - 2003 Remaster,Cliff Richard & The Drifters,127,47,76,-7,77
Ocean of Night,Editors,106,67,57,-10,25
Be the One,Dua Lipa,87,65,66,-4,37
Up&Up,Coldplay,164,72,48,-5,25
Ship To Wreck,Florence + The Machine,142,92,56,-4,59
Happy Xmas (War Is Over),John Lennon,147,68,40,-6,60
Cold Little Heart,Michael Kiwanuka,108,40,49,-8,15
Barcelona,Freddie Mercury,170,46,18,-9,13
Leef,André Hazes Jr.,121,73,67,-7,78
Against All Odds (Take a Look at Me Now) - 2016 Remaster,Phil Collins,116,50,58,-7,11
Treur Niet (Ode Aan Het Leven),Diggy Dex,98,72,68,-9,57
Do I Ever,Kensington,163,79,39,-6,34
Whatever You Want,Status Quo,123,55,55,-11,42
Lazarus,David Bowie,130,70,66,-7,51
Dark Necessities,Red Hot Chili Peppers,92,74,70,-7,20
You Want It Darker,Leonard Cohen,109,33,67,-17,49
Bridges,Kensington,150,83,38,-7,45
Once Upon a Time in the West - Main Theme,Ennio Morricone,90,21,12,-11,5
Mooi,Marco Borsato,150,43,49,-8,31
I Just Can't Help Believin',Elvis Presley,142,66,46,-8,34
Love & Hate,Michael Kiwanuka,170,49,28,-8,53
New Gold Dream (81/82/83/84),Simple Minds,123,75,59,-11,66
Disco Inferno,The Trammps,130,70,68,-9,81
Someone Somewhere (In Summertime),Simple Minds,100,53,56,-11,67
Blackstar,David Bowie,98,55,37,-8,11
The Life I Live,Q'65,131,46,60,-12,80
We All Stand Together - Remastered 2016,Paul McCartney,72,26,35,-12,48
Heathens,Twenty One Pilots,90,40,73,-9,55
Jacob’s Song,Douwe Bob,74,51,36,-8,15
Way Down We Go,KALEO,163,51,49,-8,34
Forbidden Colours,Ryuichi Sakamoto,105,24,61,-17,37
The Book Of Love,Gavin James,108,7,52,-14,27
Zoutelande - feat. Geike,BLØF,129,64,67,-7,89
Pokémon Theme-New Studio Recording,Jason Paige,145,91,57,-5,40
Thriller,Michael Jackson,118,89,76,-4,72
Boulevard of Broken Dreams,Green Day,167,68,50,-4,47
Believer,Imagine Dragons,125,78,78,-4,67
Het het nog nooit zo donker west,Ede Staal,98,21,61,-20,42
Castle on the Hill,Ed Sheeran,135,83,46,-5,47
In the Blood,John Mayer,80,66,55,-7,52
Nao ’t Zuuje,Lex Uiting,190,53,26,-6,45
"Roll Over Lay Down - Live At The Kursaal, Southend / 1975",Status Quo,132,69,34,-9,21
Whatever It Takes,Imagine Dragons,135,66,67,-5,56
Amigo,Chef'Special,145,91,55,-5,64
Iederene Hef Een Reden,Bökkers,108,61,57,-9,69
Everything Now,Arcade Fire,116,87,55,-5,61
One More Light,Linkin Park,84,20,59,-11,17
Through the Barricades - Remastered,Spandau Ballet,146,28,49,-14,17
Freedom! '90 - Remastered,George Michael,92,85,68,-11,93
Thunder,Imagine Dragons,168,82,61,-5,29
Thinking Of A Place,The War On Drugs,103,63,48,-7,16
Galway Girl,Ed Sheeran,100,88,62,-3,78
Sunny Days,Armin van Buuren,115,71,63,-7,24
Supermarket Flowers,Ed Sheeran,90,24,59,-11,26
Holiday,Green Day,147,89,55,-3,72
Max,Paolo Conte,125,40,50,-9,15
Rapper's Delight,The Sugarhill Gang,112,75,91,-10,83
Pain,The War On Drugs,116,83,52,-4,48
Love On The Rocks,Neil Diamond,103,31,40,-8,31
Tuesday Afternoon (Forever Afternoon),The Moody Blues,114,32,50,-13,30
Magnificent (She Says),Elbow,92,87,51,-7,39
Nicotine,Chef'Special,90,30,64,-10,44
Homesick,Dua Lipa,86,22,43,-9,40
Beautiful Trauma,P!nk,96,62,41,-6,23
World Gone Mad,Bastille,140,68,51,-3,36
Leave a Light On,Tom Walker,69,62,59,-6,27
Skin,Rag'n'Bone Man,171,75,56,-8,35
Lost on You,LP,174,72,43,-6,69
Shallow,Lady Gaga,96,39,57,-6,32
Kleine Jongen,Andre Hazes,91,70,54,-6,56
Duurt Te Lang,Davina Michelle,174,44,64,-14,15
I Want To Break Free,Queen,109,41,81,-9,50
September,"Earth, Wind & Fire",126,83,69,-7,98
Voor Haar,Frans Halsema,82,36,28,-12,36
Testament,Boudewijn de Groot,122,40,43,-10,63
Atemlos durch die Nacht,Helene Fischer,128,78,81,-4,82
Zij Gelooft In Mij,Andre Hazes,152,60,32,-6,18
Verdronken Vlinder,Boudewijn de Groot,128,54,33,-9,82
Als Het Avond Is,Suzan & Freek,105,47,72,-7,45
De Vlieger,Andre Hazes,105,66,40,-7,39
Natural,Imagine Dragons,100,61,70,-6,22
IJskoud,Nielson,98,73,67,-7,15
Welterusten Mijnheer De President,Boudewijn de Groot,131,41,55,-11,86
Jimmy,Boudewijn de Groot,111,74,66,-10,89
Sammy,Ramses Shaffy,81,49,50,-8,76
High Hopes,Panic! At The Disco,82,90,58,-3,68
Het Land Van Maas En Waal,Boudewijn de Groot,126,60,73,-10,96
Shotgun,George Ezra,116,74,67,-5,75
New Light,John Mayer,124,69,83,-8,85
You Say,Lauren Daigle,148,63,49,-7,8
Een Beetje Verliefd,Andre Hazes,198,61,30,-7,33
Banger Hart - Radio Mix,Rob De Nijs,124,89,77,-9,97
Malle Babbe,Rob De Nijs,87,38,35,-10,53
Vluchten Kan Niet Meer,Frans Halsema,87,25,41,-13,32
Faded,Alan Walker,180,63,47,-5,16
High On Life (feat. Bonn),Martin Garrix,128,49,41,-6,37
Het Is Koud Zonder Jou,Andre Hazes,197,64,18,-7,52
N Vriend,Andre Hazes,68,58,23,-7,49
Always Remember Us This Way,Lady Gaga,130,50,55,-6,30
Een Meisje Van Zestien,Boudewijn de Groot,140,49,57,-11,73
Why Don't You Do Right,Beth Hart,106,74,63,-8,67
De Zon Op,Diggy Dex,100,57,74,-8,57
Youngblood,5 Seconds of Summer,120,85,60,-5,15
Prikkebeen,Boudewijn de Groot,109,52,57,-11,33
Outlaw In 'Em,Waylon,87,93,50,-3,68
Als De Rook Om Je Hoofd Is Verdwenen,Boudewijn de Groot,132,71,42,-11,64
Skandal im Sperrbezirk,Spider Murphy Gang,93,84,64,-8,89
Pain and Misery,The Teskey Brothers,89,34,71,-7,49
I Do,Douwe Bob,73,25,49,-11,27
Het Laatste Rondje - Remastered,Andre Hazes,103,76,53,-7,84
Guiding Light,Mumford & Sons,100,71,55,-8,30
Hou Vol Hou Vast,BLØF,86,61,51,-5,23
Lay Your Weapons Down,Ilse DeLange,94,68,54,-9,47
Roller Coaster,Danny Vera,97,38,40,-10,28
Arcade,Duncan Laurence,72,33,45,-13,27
A Whiter Shade of Pale - Original Single Version,Procol Harum,150,66,25,-7,44
Don't You (Forget About Me),Simple Minds,111,75,67,-9,69
The Load-Out - Remastered,Jackson Browne,106,32,52,-12,31
Stay - Remastered,Jackson Browne,107,77,60,-8,72
Last Christmas,Wham!,108,58,74,-9,94
Time To Give,White Lies,120,83,43,-6,35
bad guy,Billie Eilish,135,43,70,-11,56
Love Like Blood,Killing Joke,124,76,40,-8,49
Reünie,Snelle,96,35,51,-9,51
About A Girl - Live Version,Nirvana,121,76,61,-9,63
DEUTSCHLAND,Rammstein,120,90,52,-5,24
Phantom Of The Opera,Floor Jansen,132,87,47,-6,27
Dance Monkey,Tones and I,98,59,82,-6,51
Blauwe Dag,Suzan & Freek,98,56,70,-7,51
Homburg - Single Version - 2009 Remaster - Mono,Procol Harum,142,66,36,-8,38
Uncharted,Kensington,139,53,59,-7,23
Despacito,Luis Fonsi,178,80,66,-5,84
Dancing On My Own,Calum Scott,113,17,68,-9,24
Child in Time,Deep Purple,127,46,34,-11,35
Let It Be - Remastered 2009,The Beatles,143,40,44,-8,41
Bridge Over Troubled Water,Simon & Garfunkel,80,21,15,-14,26
Paranoid - 2016 Remaster,Black Sabbath,163,66,42,-12,45
Have You Ever Seen The Rain,Creedence Clearwater Revival,116,47,74,-13,89
Your Song,Elton John,128,32,55,-11,33
The Boxer,Simon & Garfunkel,93,49,44,-14,63
Du,Peter Maffay,94,45,49,-12,46
I Walk the Line,Johnny Cash,99,26,71,-15,56
Samba Pa Ti,Santana,92,36,41,-13,27
Immigrant Song - Remaster,Led Zeppelin,113,93,56,-10,62
Who'll Stop The Rain,Creedence Clearwater Revival,124,80,60,-7,62
Our House,"Crosby, Stills, Nash & Young",140,21,59,-15,38
Teach Your Children,"Crosby, Stills, Nash & Young",155,28,50,-15,67
The Long And Winding Road - Remastered 2009,The Beatles,132,33,30,-10,39
Father And Son,Yusuf / Cat Stevens,136,33,50,-11,40
Almost Cut My Hair,"Crosby, Stills, Nash & Young",137,47,47,-10,57
El Condor Pasa (If I Could),Simon & Garfunkel,148,21,33,-18,28
Question,The Moody Blues,76,66,22,-10,32
I Heard It Through The Grapevine,Creedence Clearwater Revival,119,84,63,-6,88
Since I've Been Loving You - 1990 Remaster,Led Zeppelin,119,36,39,-11,31
Get Back - Remastered 2009,The Beatles,123,59,76,-10,33
The Man Who Sold the World - 2015 Remaster,David Bowie,118,39,47,-14,55
Long As I Can See The Light,Creedence Clearwater Revival,127,41,71,-7,53
Roadhouse Blues,The Doors,121,63,61,-8,90
My Sweet Lord,George Harrison,121,70,54,-9,58
Cecilia,Simon & Garfunkel,103,88,76,-9,95
Fire and Rain,James Taylor,76,35,61,-14,36
Lookin' Out My Back Door,Creedence Clearwater Revival,105,66,75,-6,86
25 or 6 to 4 - 2002 Remaster,Chicago,147,91,60,-7,72
Working Class Hero - Remastered 2010 / Lennon Legend Version,John Lennon,159,17,48,-19,19
Lucky Man - 2012 Remastered Version,"Emerson, Lake & Palmer",154,38,35,-16,48
Into the Mystic - 2013 Remaster,Van Morrison,86,52,61,-10,80
Carry On,"Crosby, Stills, Nash & Young",119,50,46,-12,53
(They Long To Be) Close To You,Carpenters,89,25,53,-15,24
Move On Up,Curtis Mayfield,139,97,54,-6,93
Tears In The Morning - Remastered 2009,The Beach Boys,128,36,38,-11,24
Up Around The Bend,Creedence Clearwater Revival,130,85,59,-6,81
Southern Man - 2009 Remaster,Neil Young,162,57,37,-9,66
Stairway to Heaven - Remaster,Led Zeppelin,82,34,34,-12,20
Imagine - Remastered,John Lennon,76,26,55,-12,17
Riders on the Storm,The Doors,104,72,55,-12,72
Echoes,Pink Floyd,134,32,28,-17,14
Vincent,Don McLean,92,9,42,-19,46
Me and Bobby McGee,Janis Joplin,93,46,45,-11,66
Baba O'Riley,The Who,117,72,49,-8,15
Life on Mars? - 2015 Remaster,David Bowie,123,38,44,-15,22
I Am...I Said - Single Version,Neil Diamond,91,38,25,-14,51
Ain't No Sunshine,Bill Withers,80,42,48,-11,51
Wild Horses,The Rolling Stones,140,39,43,-7,16
L.A. Woman,The Doors,171,73,35,-9,70
What's Going On,Marvin Gaye,203,82,27,-6,81
Halo of Flies,Alice Cooper,122,57,39,-13,40
American Pie,Don McLean,138,48,53,-12,49
Tiny Dancer,Elton John,145,43,41,-11,28
Morning Has Broken,Yusuf / Cat Stevens,133,32,42,-13,41
One Way Wind,The Cats,109,65,65,-10,72
One of These Days,Pink Floyd,104,51,38,-15,40
Nothing Rhymed,Gilbert O'Sullivan,175,59,23,-9,55
Brown Sugar - Remastered,The Rolling Stones,129,93,63,-4,96
You've Got a Friend,Carole King,169,26,47,-11,46
Locomotive Breath,Jethro Tull,125,53,68,-13,35
She Flies On Strange Wings,Golden Earring,131,70,32,-8,25
Changes - 2015 Remaster,David Bowie,115,31,55,-12,41
Mercedes Benz,Janis Joplin,87,11,70,-15,52
Honky Tonk Women - Mono Version,The Rolling Stones,120,78,56,-7,97
Cry Baby,Janis Joplin,83,42,47,-10,50
Storm And Thunder,Earth & Fire,133,33,27,-11,6
Roundabout - 2003 Remaster,Yes,133,76,41,-9,39
Maggie May,Rod Stewart,129,57,61,-11,54
Won't Get Fooled Again - Original Album Version,The Who,135,92,69,-6,23
After Midnight,J.J. Cale,96,31,69,-19,52
Give Up Your Guns,The Buoys,131,50,42,-13,66
Love Her Madly,The Doors,147,59,56,-7,97
Rock and Roll - Remaster,Led Zeppelin,170,89,32,-7,87
Black Dog - Remaster,Led Zeppelin,81,86,44,-8,75
Call Me The Breeze,J.J. Cale,92,42,81,-15,84
Famous Blue Raincoat,Leonard Cohen,119,4,47,-22,18
Yours Is No Disgrace - 2003 Remaster,Yes,141,63,41,-10,80
See Emily Play,Pink Floyd,124,71,46,-9,41
Smoke on the Water,Deep Purple,114,59,63,-11,89
Perfect Day,Lou Reed,145,27,40,-12,9
"Rocket Man (I Think It's Going To Be A Long, Long Time)",Elton John,137,53,60,-9,34
Heart of Gold - 2009 Remaster,Neil Young,171,46,54,-10,80
Starman - 2012 Remaster,David Bowie,100,45,49,-10,55
Take It Easy - 2013 Remaster,Eagles,139,67,57,-10,74
A Horse with No Name,America,123,51,65,-17,83
Time In A Bottle,Jim Croce,134,26,54,-12,64
Lola - Live,The Kinks,134,51,45,-16,56
Easy Livin',Uriah Heep,161,84,26,-7,46
Ben - Single Version,Michael Jackson,136,16,44,-11,29
Walk On the Wild Side,Lou Reed,105,32,57,-17,39
She's A Rainbow - Full Version / With Intro,The Rolling Stones,109,78,45,-9,51
You're so Vain,Carly Simon,106,68,66,-8,65
Ziggy Stardust - 2012 Remaster,David Bowie,161,56,44,-12,50
Whiskey In The Jar,Thin Lizzy,128,69,56,-11,75
Listen to the Music,The Doobie Brothers,106,60,65,-13,91
Top Of The World,Carpenters,184,34,38,-13,69
School's Out,Alice Cooper,134,75,29,-9,35
A Thing Called Love,Johnny Cash,156,50,53,-11,79
Harvest - 2009 Remaster,Neil Young,86,22,54,-18,31
Sylvia's Mother,Dr. Hook,167,47,30,-13,58
"Close to the Edge (i. The Solid Time of Change, ii. Total Mass Retain, iii. I Get up I Get Down, iv. Seasons of Man) - 2003 Remaster",Yes,81,60,22,-11,25
Ventura Highway,America,131,58,67,-10,82
Witchy Woman - Eagles 2013 Remaster,Eagles,99,57,56,-12,58
Song Sung Blue - Single Version,Neil Diamond,109,33,56,-16,33
Sylvia,Focus,109,78,44,-5,61
Peaceful Easy Feeling - Eagles 2013 Remaster,Eagles,143,63,57,-12,87
Do It Again,Steely Dan,125,54,68,-10,96
Radar Love,Golden Earring,102,72,50,-9,18
Angie,The Rolling Stones,136,55,43,-6,41
Desperado - 2013 Remaster,Eagles,60,22,23,-13,18
Dream On,Aerosmith,161,43,31,-10,22
Time,Pink Floyd,120,48,36,-12,36
Free Bird,Lynyrd Skynyrd,117,85,28,-8,44
Money,Pink Floyd,124,54,47,-10,78
Always On My Mind,Elvis Presley,181,39,36,-14,50
The Great Gig in the Sky,Pink Floyd,116,22,28,-14,18
La Grange - 2005 Remaster,ZZ Top,81,64,55,-10,61
"Leaving, On a Jet Plane - ""Greatest Hits"" Version",John Denver,121,19,41,-13,63
Us and Them,Pink Floyd,73,30,36,-15,13
Firth of Fifth - New Stereo Mix,Genesis,85,60,27,-10,29
Band On The Run - Remastered 2010,Paul McCartney,125,60,48,-9,67
Sebastian - 2012 Remaster,Steve Harley & Cockney Rebel,140,24,25,-14,21
Tequila Sunrise - 2013 Remaster,Eagles,111,40,63,-13,73
Knockin' On Heaven's Door - Remastered,Bob Dylan,140,40,51,-13,23
Burning Love,Elvis Presley,144,75,66,-11,97
Goodbye Yellow Brick Road - Remastered 2014,Elton John,121,47,56,-8,40
Midnight Train to Georgia,Gladys Knight & The Pips,92,38,59,-12,45
Daniel,Elton John,132,48,69,-12,90
The Joker,Steve Miller Band,83,45,60,-10,80
Long Train Runnin',The Doobie Brothers,117,91,57,-7,84
I'll Have To Say I Love You In A Song,Jim Croce,134,51,51,-14,70
The Jean Genie - 2013 Remaster,David Bowie,128,57,58,-9,82
Merry Xmas Everybody,Slade,130,80,41,-3,47
Woman from Tokyo,Deep Purple,127,54,58,-13,42
Don't Let Me Down - Remastered 2009,The Beatles,77,29,59,-11,73
Let's Get It On,Marvin Gaye,168,60,54,-11,64
School,Supertramp,90,47,37,-15,5
Jolene,Dolly Parton,111,54,67,-11,81
Killer Queen - 2011 Mix,Queen,117,65,54,-6,61
Sweet Home Alabama,Lynyrd Skynyrd,98,61,60,-12,89
Waterloo,ABBA,148,93,44,-5,78
Annie's Song,John Denver,146,31,30,-11,46
Dreamer,Supertramp,148,41,66,-14,83
You Are So Beautiful,Joe Cocker,83,18,30,-11,9
My Boy,Elvis Presley,92,53,39,-12,37
Rebel Rebel - 2016 Remaster,David Bowie,126,69,64,-16,46
Crime Of The Century,Supertramp,123,42,40,-14,23
Autobahn - 2009 Remaster,Kraftwerk,82,50,33,-16,11
I Will Always Love You,Dolly Parton,136,14,45,-13,16
Thank God I'm a Country Boy,John Denver,106,54,76,-10,96
The Air That I Breathe - 2008 Remaster,The Hollies,168,47,28,-8,25
Love Is All,Roger Glover,112,81,60,-5,77
Hide In Your Shell,Supertramp,112,36,48,-13,32
Gute Nacht Freunde,Reinhard Mey,100,25,55,-18,29
Fox On The Run,Sweet,128,64,51,-12,83
You Ain't Seen Nothing Yet,Bachman-Turner Overdrive,118,44,48,-15,76
Mandy,Barry Manilow,104,46,31,-9,32
Can't Get It out of My Head,Electric Light Orchestra,169,38,23,-14,33
The Way We Were,Barbra Streisand,138,32,26,-12,17
Bohemian Rhapsody - 2011 Mix,Queen,144,40,39,-10,23
Love Of My Life - Remastered 2011,Queen,79,18,33,-12,26
Shine On You Crazy Diamond (Pts. 1-5),Pink Floyd,138,29,27,-12,4
Born to Run,Bruce Springsteen,146,94,27,-4,61
Kashmir - 1990 Remaster,Led Zeppelin,81,54,48,-11,58
"No Woman, No Cry - Live At The Lyceum, London/1975",Bob Marley & The Wailers,78,68,66,-9,59
One of These Nights - 2013 Remaster,Eagles,110,61,66,-10,77
Mamma Mia,ABBA,138,75,75,-7,83
Landslide,Fleetwood Mac,159,16,41,-22,42
Thunder Road,Bruce Springsteen,141,76,37,-6,66
I'm Not In Love,10cc,134,52,40,-16,16
Rhiannon,Fleetwood Mac,129,49,72,-15,80
Lyin' Eyes - 2013 Remaster,Eagles,133,67,67,-10,87
You're My Best Friend - Remastered 2011,Queen,119,76,52,-7,58
Jungleland,Bruce Springsteen,134,58,30,-6,18
Love Hurts,Nazareth,80,33,49,-12,14
Down Down,Status Quo,90,90,47,-7,21
Sailing,Rod Stewart,129,37,43,-10,19
39 - 2011 Mix,Queen,102,58,52,-10,34
Calypso,John Denver,180,43,22,-9,50
50 Ways to Leave Your Lover,Paul Simon,102,37,82,-13,29
It's A Long Way There - 2010 Digital Remaster,Little River Band,89,59,39,-11,30
Crazy On You,Heart,130,46,43,-12,38
Wij Zullen Doorgaan - 1975 Single Version,Ramses Shaffy,81,25,25,-17,32
Make Me Smile (Come up and See Me) - 2014 Remaster,Steve Harley,141,82,57,-8,77
House For Sale,Lucifer,128,49,38,-9,20
S.O.S.,ABBA,125,70,42,-6,56
Nights On Broadway,Bee Gees,89,64,57,-9,61
At Seventeen - Remastered,Janis Ian,125,27,62,-17,34
Take It to the Limit - 2013 Remaster,Eagles,91,42,44,-9,45
Fame - 2016 Remaster,David Bowie,95,56,79,-10,67
Sex Machine - Pt. 1 & 2,James Brown,106,96,68,-6,61
Show Me The Way,Peter Frampton,130,73,70,-8,64
Meeting Across the River,Bruce Springsteen,105,29,46,-10,26
Love Is The Drug,Roxy Music,125,76,84,-5,60
Still Crazy After All These Years,Paul Simon,37,25,27,-12,13
Hotel California - 2013 Remaster,Eagles,147,51,58,-9,61
Somebody To Love - 2011 Mix,Queen,112,69,50,-7,36
Dancing Queen,ABBA,101,88,54,-7,75
The Last Resort - 2013 Remaster,Eagles,126,28,55,-11,30
Hurricane,Bob Dylan,136,83,51,-8,74
More Than a Feeling,Boston,109,68,38,-8,29
(Don't Fear) The Reaper,Blue Öyster Cult,141,93,33,-9,38
New Kid in Town - 2013 Remaster,Eagles,107,43,65,-10,65
If You Leave Me Now,Chicago,104,56,43,-7,28
Wild Is the Wind - 2016 Remaster,David Bowie,98,58,52,-13,49
Tie Your Mother Down - Remastered 2011,Queen,135,89,33,-6,16
Fernando,ABBA,111,53,35,-9,47
"Knowing Me, Knowing You",ABBA,107,74,55,-7,90
Fool To Cry - Remastered 2009,The Rolling Stones,68,45,44,-7,24
Carry on Wayward Son,Kansas,127,79,48,-6,79
New York State of Mind,Billy Joel,121,37,51,-9,20
Golden Years - 2016 Remaster,David Bowie,108,70,68,-10,93
Isn't She Lovely,Stevie Wonder,119,83,48,-7,82
I Wish,Stevie Wonder,106,72,82,-10,89
Tom Traubert's Blues (Four Sheets To The Wind In Copenhagen),Tom Waits,135,28,30,-13,33
The Boys Are Back In Town,Thin Lizzy,81,71,45,-10,77
Livin' Thing,Electric Light Orchestra,123,65,55,-7,37
Sir Duke,Stevie Wonder,107,57,59,-10,95
Blitzkrieg Bop - 2016 Remaster,Ramones,177,78,39,-3,90
Fly Like An Eagle,Steve Miller Band,100,75,56,-13,64
Blinded By The Light,Manfred Mann's Earth Band,142,70,46,-10,51
Cocaine,J.J. Cale,104,41,79,-15,39
The Ballroom Blitz,Sweet,109,88,62,-7,83
"Money, Money, Money",ABBA,121,69,78,-7,70
Wasted Time - 2013 Remaster,Eagles,118,17,43,-11,14
Theme From Mahogany (Do You Know Where You're Going To) - Single Version,Diana Ross,140,42,32,-11,29
Heroes - 2017 Remaster,David Bowie,112,76,49,-6,44
Paradise By the Dashboard Light,Meat Loaf,173,87,33,-8,49
Go Your Own Way - 2004 Remaster,Fleetwood Mac,135,94,59,-5,83
Mr. Blue Sky,Electric Light Orchestra,178,34,39,-10,48
Fool's Overture,Supertramp,135,31,41,-10,7
Whole Lotta Rosie,AC/DC,159,84,29,-4,42
We Will Rock You - Remastered,Queen,81,50,69,-7,47
The Chain - 2004 Remaster,Fleetwood Mac,152,67,55,-9,48
Three Little Birds,Bob Marley & The Wailers,148,48,81,-10,62
We Are The Champions - Remastered 2011,Queen,64,46,27,-7,17
She's Always a Woman,Billy Joel,177,32,29,-12,38
Worn Down Piano,The Mark & Clark Band,112,71,37,-10,32
Dust in the Wind,Kansas,94,32,48,-11,39
Bat Out of Hell,Meat Loaf,172,84,20,-8,39
Solsbury Hill,Peter Gabriel,102,63,68,-9,48
Thank You For The Music,ABBA,200,42,29,-9,35
Wonderful Tonight,Eric Clapton,96,21,57,-16,49
Lust For Life,Iggy Pop,104,97,39,-6,69
She's Not There,Santana,130,70,48,-8,83
Stayin' Alive,Bee Gees,104,54,71,-20,64
Psycho Killer - 2005 Remaster,Talking Heads,123,52,72,-8,94
Fantasy,"Earth, Wind & Fire",89,75,61,-9,61
Songbird - 2004 Remaster,Fleetwood Mac,184,9,39,-15,36
Let There Be Rock,AC/DC,91,73,49,-6,43
Don't Stop - 2004 Remaster,Fleetwood Mac,119,72,67,-8,83
I Feel Love,Donna Summer,127,71,67,-16,96
The Passenger,Iggy Pop,135,89,50,-5,70
Het Werd Zomer,Rob De Nijs,133,43,39,-11,40
Take A Chance On Me,ABBA,107,69,69,-8,93
Give A Little Bit,Supertramp,91,82,53,-5,47
Sound and Vision - 2017 Remaster,David Bowie,106,80,67,-9,76
Spread Your Wings - 2011 Mix,Queen,175,66,39,-6,46
You Took The Words Right Out of My Mouth (Hot Summer Night),Meat Loaf,125,68,46,-9,68
Two Out of Three Ain't Bad,Meat Loaf,80,48,59,-9,49
Barracuda,Heart,137,69,55,-14,67
One Love / People Get Ready - Medley,Bob Marley & The Wailers,76,52,73,-10,95
Cold as Ice,Foreigner,133,49,52,-12,47
The Name Of The Game,ABBA,77,56,66,-9,62
Mannish Boy,Muddy Waters,111,74,60,-11,62
I Want You to Want Me,Cheap Trick,93,46,81,-13,74
Scenes from an Italian Restaurant,Billy Joel,98,93,42,-5,34
God Save the Queen,Sex Pistols,148,91,27,-5,48
La vie en rose,Grace Jones,177,48,65,-16,80
Spanish Stroll,Mink DeVille,129,45,75,-15,95
Le Freak - 2018 Remaster,CHIC,119,64,91,-11,90
Lovely Day,Bill Withers,98,65,69,-8,71
Isn't It Time,The Babys,117,93,52,-7,31
Anarchy in the U.K.,Sex Pistols,134,98,32,-4,17
You Make Loving Fun - 2004 Remaster,Fleetwood Mac,127,60,62,-9,86
Sultans of Swing,Dire Straits,148,87,73,-7,92
Don't Stop Me Now - 2011 Mix,Queen,156,87,56,-5,60
Laat Me,Ramses Shaffy,102,33,34,-14,35
Wuthering Heights,Kate Bush,125,39,48,-11,52
Saturday Night,Herman Brood & His Wild Romance,92,61,63,-7,55
Roxanne,The Police,134,75,62,-9,66
Hold the Line,TOTO,96,70,49,-12,78
The Man with the Child in His Eyes,Kate Bush,90,26,25,-11,20
Badlands,Bruce Springsteen,123,78,61,-8,85
Baker Street,Gerry Rafferty,114,35,50,-14,42
Dreadlock Holiday,10cc,105,38,84,-13,89
Fat Bottomed Girls - Single Version,Queen,88,69,43,-8,52
Runnin' with the Devil - 2015 Remaster,Van Halen,96,90,47,-6,42
Bicycle Race - Remastered 2011,Queen,83,67,43,-6,61
Follow You Follow Me - 2007 Remaster,Genesis,93,72,53,-10,76
So Lonely,The Police,77,57,54,-8,73
How You Gonna See Me Now,Alice Cooper,137,34,54,-14,30
Miss You - Remastered,The Rolling Stones,110,71,80,-5,85
"Stir It Up - Live At The Pavillon De Paris, 1977",Bob Marley & The Wailers,91,82,67,-7,80
Is This Love,Bob Marley & The Wailers,122,56,78,-8,76
Because the Night,Patti Smith,123,80,44,-5,52
What a Fool Believes,The Doobie Brothers,121,38,76,-15,99
Still Believe,Herman Brood & His Wild Romance,95,85,60,-8,64
Rivers of Babylon,Boney M.,115,85,73,-7,74
Don't Look Back,Boston,122,72,36,-10,47
Beast Of Burden - Remastered,The Rolling Stones,101,88,78,-4,89
Honesty,Billy Joel,135,27,55,-15,21
Born to Be Alive - Original Mix 79,Patrick Hernandez,131,87,70,-6,81
Fire,The Pointer Sisters,118,62,65,-9,64
You Don't Bring Me Flowers,Neil Diamond,67,12,16,-18,24
Water of Love,Dire Straits,121,57,80,-13,96
Comfortably Numb,Pink Floyd,127,37,47,-13,17
Highway to Hell,AC/DC,116,91,57,-5,42
"Another Brick in the Wall, Pt. 2",Pink Floyd,104,39,69,-16,72
The Rose,Bette Midler,134,23,35,-10,18
The Logical Song - Remastered 2010,Supertramp,120,76,63,-6,70
I Was Made For Lovin' You,KISS,128,85,77,-6,87
Gimme! Gimme! Gimme! (A Man After Midnight),ABBA,120,49,75,-10,53
Message In A Bottle,The Police,151,81,58,-7,87
Hey You,Pink Floyd,112,30,59,-15,19
One Step Beyond,Madness,155,94,48,-5,94
Chiquitita,ABBA,84,56,53,-8,38
Does Your Mother Know,ABBA,136,86,72,-6,97
Bright Eyes,Art Garfunkel,113,21,38,-16,21
Take The Long Way Home - 2010 Remastered,Supertramp,77,70,41,-9,37
Breakfast In America - Remastered,Supertramp,75,66,53,-6,76
I Have A Dream,ABBA,104,37,55,-12,46
Boogie Wonderland,"Earth, Wind & Fire",132,76,80,-11,96
Boys Don't Cry - Single Version,The Cure,169,84,47,-6,69
Voulez-Vous,ABBA,127,78,71,-7,91
September Morn,Neil Diamond,129,23,42,-17,20
MacArthur Park - Single Version,Donna Summer,131,67,58,-12,45
Don't Stop 'Til You Get Enough - Single Version,Michael Jackson,119,82,88,-10,95
London Calling - Remastered,The Clash,134,80,65,-7,78
Night Boat to Cairo,Madness,156,97,31,-5,60
Goodbye Stranger - 2010 Remastered,Supertramp,125,67,42,-7,34
Walking On The Moon,The Police,146,34,51,-13,27
Don't Bring Me Down,Electric Light Orchestra,116,87,64,-6,81
Tragedy,Bee Gees,118,53,67,-11,81
Off the Wall,Michael Jackson,119,60,83,-14,92
The Worker,Fischer-Z,82,52,48,-16,90
Sure Know Something,KISS,115,73,71,-6,93
Relight My Fire - Single Version,Dan Hartman,120,66,79,-11,87
Weekend Love,Golden Earring,167,74,49,-6,46
"More Than A Woman - From ""Saturday Night Fever"" Soundtrack",Bee Gees,106,68,63,-6,70
Rock with You - Single Version,Michael Jackson,114,54,81,-13,85
Weekend,Earth & Fire,122,57,87,-11,56
Dancin' Fool,Frank Zappa,133,64,55,-9,55
We Belong to the Night,Ellen Foley,101,75,36,-9,42
Sausolito Summernight - Digitally Remastered 2017,Diesel,125,93,62,-6,55
The River,Bruce Springsteen,117,54,59,-11,59
A Forest - Remastered Version,The Cure,81,62,63,-11,42
The Winner Takes It All,ABBA,127,79,46,-7,52
Ace of Spades,Motörhead,140,98,32,-7,23
Another One Bites The Dust - Remastered 2011,Queen,110,53,93,-6,76
Back In Black,AC/DC,188,70,31,-6,76
Romeo and Juliet,Dire Straits,87,57,60,-8,49
Redemption Song,Bob Marley & The Wailers,116,26,67,-11,69
You Shook Me All Night Long,AC/DC,127,77,53,-6,76
Crazy Little Thing Called Love - Remastered 2011,Queen,77,76,60,-7,72
Lay All Your Love On Me,ABBA,133,72,68,-8,77
Long Blond Animal,Golden Earring,169,70,44,-8,78
Think,The Blues Brothers,129,84,65,-6,71
Once in a Lifetime - 2005 Remaster,Talking Heads,117,92,64,-6,87
The Turn of a Friendly Card,The Alan Parsons Project,151,32,38,-15,41
So Long,Fischer-Z,127,38,56,-15,89
Tunnel of Love (Intro: The Carousel Waltz),Dire Straits,137,69,49,-11,56
Happy New Year,ABBA,133,38,51,-9,26
Ashes to Ashes - 2017 Remaster,David Bowie,120,74,71,-11,87
Foto Van Vroeger,Rob De Nijs,178,29,30,-16,14
Could You Be Loved,Bob Marley & The Wailers,103,72,92,-9,76
9 to 5,Dolly Parton,105,78,55,-6,81
Everybody Needs Somebody to Love,The Blues Brothers,194,93,49,-4,92
Super Trouper,ABBA,118,63,76,-8,96
Save Me - Remastered 2011,Queen,82,45,51,-7,33
Keep on Loving You,REO Speedwagon,175,72,31,-6,41
Woman in Love,Barbra Streisand,170,28,47,-16,33
The Spirit Of Radio,Rush,136,92,37,-7,63
Baggy Trousers,Madness,145,89,64,-5,94
Hungry Heart,Bruce Springsteen,110,89,64,-7,97
Guilty (feat. Barry Gibb),Barbra Streisand,151,43,63,-16,95
Biko,Peter Gabriel,179,36,53,-11,17
Food For Thought,UB40,131,53,87,-13,96
Late in the Evening,Paul Simon,119,88,72,-9,96
Enola Gay - Remastered,Orchestral Manoeuvres In The Dark,143,76,56,-7,93
Master Blaster (Jammin'),Stevie Wonder,131,42,88,-15,97
Don't Stand So Close To Me,The Police,140,51,80,-9,52
Wish You Were Here,Pink Floyd,121,32,50,-14,28
In The Air Tonight - 2015 Remastered,Phil Collins,190,24,45,-14,30
Don't Stop Believin',Journey,119,75,50,-9,51
The Day Before You Came,ABBA,108,39,80,-15,74
Golden Brown,The Stranglers,94,38,56,-15,60
Every Little Thing She Does Is Magic,The Police,82,77,56,-10,43
Start Me Up - Remastered,The Rolling Stones,122,93,63,-4,97
One Of Us,ABBA,82,40,65,-15,86
Waiting On A Friend - Remastered 2009,The Rolling Stones,117,79,61,-6,91
Tainted Love,Soft Cell,145,51,52,-8,65
Memory,Barbra Streisand,76,24,18,-15,12
Everytime I Think of You - 2000 Remaster,The Babys,121,73,40,-6,49
Don't You Want Me,The Human League,118,74,73,-8,96
I'll Find My Way Home - Remastered,Jon & Vangelis,172,60,53,-10,71
Je Loog Tegen Mij,Drukwerk,79,35,62,-14,66
Africa,TOTO,93,37,67,-18,73
Telegraph Road,Dire Straits,125,59,38,-10,28
Under Pressure - Remastered,Queen,114,71,67,-8,47
Old and Wise,The Alan Parsons Project,112,32,38,-12,12
Private Investigations,Dire Straits,84,10,55,-20,7
Billie Jean,Michael Jackson,117,65,92,-3,85
Run to the Hills - 2015 Remaster,Iron Maiden,174,94,25,-5,46
Twilight Zone,Golden Earring,119,76,66,-7,54
Eye In The Sky,The Alan Parsons Project,112,42,82,-13,52
Rosanna,TOTO,78,51,38,-13,74
Is She Really Going Out With Him? - Live,Joe Jackson,111,42,56,-8,45
Bloedend Hart,De Dijk,115,60,62,-8,58
Belgie ... (Is Er Leven Op Pluto ...),Het Goede Doel,141,66,58,-14,66
1999,Prince,119,73,87,-8,63
Islands In the Stream,Dolly Parton,204,41,62,-12,74
Real Men,Joe Jackson,114,19,69,-19,32
Come On Eileen,Dexys Midnight Runners,107,66,45,-7,78
Kristallnaach,BAP,159,57,35,-14,44
State of Independence,Donna Summer,170,70,75,-9,87
You Can't Hurry Love - 2016 Remaster,Phil Collins,98,94,62,-5,76
Burning Heart,Vandenberg,125,55,44,-10,49
Sexual Healing,Marvin Gaye,94,60,81,-10,75
Vriendschap,Het Goede Doel,170,35,56,-14,72
Human Nature,Michael Jackson,93,51,62,-10,69
Save a Prayer - 2009 Remaster,Duran Duran,114,71,57,-9,67
Should I Stay or Should I Go - Remastered,The Clash,113,83,74,-6,82
P.Y.T. (Pretty Young Thing),Michael Jackson,127,82,89,-5,96
Wanna Be Startin' Somethin',Michael Jackson,122,92,85,-4,90
It's Raining Again,Supertramp,121,67,60,-7,56
Steppin' Out,Joe Jackson,159,54,58,-8,55
A Slow Song,Joe Jackson,176,26,31,-19,19
Sunday Bloody Sunday - Remastered 2008,U2,101,94,54,-7,74
Every Breath You Take,The Police,117,45,82,-10,74
Mama - 2007 Remaster,Genesis,83,88,56,-9,67
99 Luftballons,Nena,95,56,57,-7,50
Sweet Dreams (Are Made of This) - Remastered,Eurythmics,125,71,69,-7,88
I'm Still Standing,Elton John,177,90,50,-7,77
Let's Dance - 2018 Remaster,David Bowie,115,74,65,-7,63
China Girl - 2002 Remaster,David Bowie,134,63,65,-10,87
Owner of a Lonely Heart,Yes,125,80,74,-6,89
Waterfront - 2002 Remaster,Simple Minds,120,79,54,-6,48
Just Can't Get Enough (Live in Hammersmith) - 2018 Remaster,Depeche Mode,127,96,65,-11,94
Message To My Girl,Split Enz,105,40,61,-15,71
Pride and Joy,Stevie Ray Vaughan,127,63,43,-12,74
Uptown Girl,Billy Joel,129,94,70,-3,79
Nescio,Nits,127,52,55,-13,60
Uncertain Smile,The The,143,76,60,-12,84
Home by the Sea - 2007 Remaster,Genesis,129,72,60,-8,56
Theme from Harry's Game,Clannad,132,7,19,-24,4
Nur geträumt,Nena,177,80,54,-9,89
Gloria - Live,U2,147,95,26,-6,61
Here Comes the Rain Again - Remastered Version,Eurythmics,126,76,65,-8,61
Girls Just Want to Have Fun,Cyndi Lauper,120,80,71,-5,73
Club Tropicana,Wham!,117,71,66,-9,81
Papa Can You Hear Me?,Barbra Streisand,90,14,27,-16,13
Karma Chameleon - Remastered,Culture Club,92,73,67,-7,89
Buffalo Soldier,Bob Marley & The Wailers,124,46,93,-9,76
Beast of Burden,Bette Midler,105,79,58,-7,91
Purple Rain,Prince,113,45,37,-10,19
When The Lady Smiles,Golden Earring,132,82,70,-7,83
Summer Of '69,Bryan Adams,139,83,51,-6,77
Radio Ga Ga - 2011 Mix,Queen,112,50,74,-8,66
The Unforgettable Fire - Remastered 2009,U2,137,74,43,-9,23
Bad - Remastered 2009,U2,99,68,37,-9,34
I'm On Fire,Bruce Springsteen,89,45,62,-14,87
Pride (In The Name Of Love) - Remastered 2009,U2,106,84,46,-7,71
Fade To Black (Remastered),Metallica,113,93,26,-7,28
Dancing In the Dark,Bruce Springsteen,149,94,53,-6,50
Forever Young,Alphaville,137,48,49,-9,33
When Doves Cry,Prince,126,99,73,-5,84
I Want to Know What Love Is - 1999 Remaster,Foreigner,81,47,48,-10,42
Born in the U.S.A.,Bruce Springsteen,122,95,40,-6,58
Vienna,Ultravox,81,61,58,-10,46
My Hometown,Bruce Springsteen,117,34,65,-12,39
Slippery People - Live,Talking Heads,111,85,64,-8,84
The Power Of Love,Frankie Goes To Hollywood,123,16,46,-17,10
The Boys Of Summer,Don Henley,177,55,52,-14,91
Private Dancer - 2015 Remaster,Tina Turner,115,57,59,-10,47
Easy Lover,Philip Bailey,129,92,74,-5,93
Be My Number Two,Joe Jackson,110,31,40,-10,28
Tinseltown in the Rain,The Blue Nile,118,82,78,-7,91
Glory Days,Bruce Springsteen,117,96,57,-5,98
It's My Life - 1997 Remaster,Talk Talk,126,80,63,-8,87
Heaven,Bryan Adams,140,59,38,-7,34
Smalltown Boy,Bronski Beat,135,58,69,-11,94
I Would Die 4 U,Prince,135,75,73,-10,64
Thank God It's Christmas - 2011 Remaster,Queen,86,42,30,-9,33
Let's Go Crazy,Prince,196,93,31,-6,38
Wake Me up Before You Go-Go,Wham!,82,57,62,-12,90
You'll Never Walk Alone,Lee Towers,79,27,34,-16,14
Run To You,Bryan Adams,127,81,56,-6,64
Perhaps Love,John Denver,81,25,39,-11,20
Don't Answer Me,The Alan Parsons Project,115,78,62,-9,63
Nightporter,Japan,110,8,52,-20,10
Big in Japan,Alphaville,98,41,75,-15,24
Relax,Frankie Goes To Hollywood,115,70,68,-13,69
Two Tribes,Frankie Goes To Hollywood,130,62,54,-13,20
Dancing with Tears in My Eyes,Ultravox,144,91,59,-8,93
That Was Yesterday,Foreigner,115,68,43,-7,51
How Soon Is Now? - 2011 Remaster,The Smiths,191,93,40,-7,73
No Surrender,Bruce Springsteen,154,95,35,-5,86
Brothers in Arms,Dire Straits,79,44,22,-9,13
Jeanny,Falco,106,66,65,-10,45
Money for Nothing,Dire Straits,134,66,67,-9,66
Kronenburg Park,Frank Boeijen Groep,90,55,50,-13,45
Walk of Life,Dire Straits,172,94,46,-7,80
Take on Me,a-ha,84,90,57,-8,88
Groot Hart,De Dijk,129,46,78,-14,66
Alive And Kicking,Simple Minds,103,91,57,-4,56
Holding Back the Years - 2008 Remaster,Simply Red,86,51,71,-9,52
Running Up That Hill (A Deal With God),Kate Bush,108,55,63,-13,20
Cloudbusting,Kate Bush,113,25,68,-17,81
Binnen Zonder Kloppen,De Dijk,117,47,73,-13,58
Nikita,Elton John,87,66,63,-9,75
Everybody Wants To Rule The World,Tears For Fears,112,80,65,-12,54
Eye of the Tiger,Survivor,109,60,82,-9,55
Russians,Sting,116,28,44,-18,20
Dancing in the Street - 2002 Remaster,David Bowie,131,82,60,-14,74
Raspberry Beret,Prince,121,67,76,-13,91
Your Latest Trick,Dire Straits,123,41,70,-14,26
Road to Nowhere,Talking Heads,110,71,66,-8,63
Why Worry,Dire Straits,94,13,60,-21,11
Close to Me - Remastered,The Cure,185,52,73,-11,96
So Far Away,Dire Straits,114,46,69,-12,70
Broken Wings,Mr. Mister,99,50,29,-14,44
Shout,Tears For Fears,98,94,51,-10,50
Josephine,Chris Rea,110,47,66,-16,66
Greatest Love of All,Whitney Houston,131,31,50,-16,25
In Between Days - 2006 Remaster,The Cure,143,83,54,-6,71
I Got You Babe,UB40,174,61,76,-13,86
Moon Over Bourbon Street,Sting,125,6,41,-22,18
We Are The World,U.S.A. For Africa,73,45,53,-15,29
Out In The Fields,Gary Moore,180,95,44,-8,36
Hunting High and Low,a-ha,117,67,60,-8,30
Take Me Home - 2016 Remaster,Phil Collins,119,81,62,-8,58
Master of Puppets (Remastered),Metallica,105,83,54,-9,56
Angel Of Death,Slayer,90,100,28,-4,10
Livin' On A Prayer,Bon Jovi,123,89,53,-4,80
Graceland,Paul Simon,118,71,73,-9,85
Don't Give Up - 2012 Remaster,Peter Gabriel,161,26,54,-16,36
Sometimes It Snows in April,Prince,104,6,49,-24,6
A Kind Of Magic - Remastered 2011,Queen,130,78,67,-6,70
The Final Countdown,Europe,118,84,54,-7,19
De Verzoening,Frank Boeijen Groep,101,31,61,-15,28
I Want You,Elvis Costello & The Attractions,123,13,50,-18,21
You Can Call Me Al,Paul Simon,128,76,78,-8,82
Don't Dream It's Over,Crowded House,82,42,44,-17,55
Land of Confusion - 2007 Remaster,Genesis,115,91,63,-7,81
Life's What You Make It - 1997 Remaster,Talk Talk,92,80,53,-8,94
There Is a Light That Never Goes Out - 2011 Remaster,The Smiths,136,77,52,-6,88
You Give Love A Bad Name,Bon Jovi,123,96,54,-3,81
The Lady In Red,Chris de Burgh,77,29,55,-17,49
One Vision - Remastered 2011,Queen,120,92,46,-7,33
Diamonds on the Soles of Her Shoes,Paul Simon,111,68,79,-10,88
Absolute Beginners - 2002 Remaster,David Bowie,114,77,56,-9,43
Friends Will Be Friends - Remastered 2011,Queen,75,53,44,-8,35
Kiss,Prince,111,27,90,-12,74
In A Lifetime,Clannad,134,38,44,-16,30
Wanted Dead Or Alive,Bon Jovi,150,80,25,-4,25
Bigmouth Strikes Again - 2011 Remaster,The Smiths,135,90,40,-5,84
Anne,Herman van Veen,115,8,67,-27,28
You Can Leave Your Hat On,Joe Cocker,174,54,65,-13,90
Living in Another World - 1997 Remaster,Talk Talk,111,86,56,-8,94
"Fire - Live at the Winterland, San Francisco, CA - December 1978",Bruce Springsteen,120,32,43,-21,52
Sledgehammer - 2012 Remaster,Peter Gabriel,96,68,64,-8,47
Don't Leave Me This Way (with Sarah Jane Morris),The Communards,132,93,64,-6,90
The Way It Is,Bruce Hornsby,111,69,58,-12,53
Walk This Way (feat. Aerosmith),Run–D.M.C.,106,58,76,-13,94
I'll Be Over You,TOTO,82,28,52,-18,41
Why Can't This Be Love,Van Halen,88,63,53,-13,75
In Your Eyes - 2012 Remaster,Peter Gabriel,89,65,62,-9,63
Fight For Your Right,Beastie Boys,134,86,50,-6,42
Homeless (with Ladysmith Black Mambazo),Paul Simon,91,27,40,-16,29
Live to Tell,Madonna,110,31,67,-14,27
West End Girls - 2001 Remaster,Pet Shop Boys,113,95,65,-7,61
Invisible Touch - 2007 Remaster,Genesis,131,88,66,-6,84
Over De Muur,Klein Orkest,96,32,61,-15,29
Sweet Child O' Mine,Guns N' Roses,125,95,45,-5,62
With Or Without You - Remastered,U2,110,43,54,-12,11
Where The Streets Have No Name - Remastered,U2,126,72,49,-10,29
I Still Haven't Found What I'm Looking For,U2,101,77,56,-9,66
Paradise City,Guns N' Roses,100,98,27,-6,40
Fragile,Sting,82,20,32,-21,29
Englishman In New York,Sting,102,35,67,-18,65
Troy,Sinéad O'Connor,116,31,32,-9,18
Welcome To The Jungle,Guns N' Roses,124,99,45,-4,32
Tougher Than the Rest,Bruce Springsteen,99,51,60,-11,60
Smooth Criminal - 2012 Remaster,Michael Jackson,118,98,85,-4,60
Patience,Guns N' Roses,120,30,46,-13,33
Everywhere - 2017 Remaster,Fleetwood Mac,115,49,73,-11,73
I Will Follow - Live,U2,140,90,23,-7,49
Alone,Heart,175,45,42,-13,17
Sign 'O' the Times,Prince,198,52,70,-7,55
In the Dutch Mountains,Nits,85,50,42,-11,27
Never Tear Us Apart,INXS,97,69,67,-6,28
Here I Go Again - 2018 Remaster,Whitesnake,90,82,29,-7,24
Liefde Van Later,Herman van Veen,121,8,50,-22,13
Unchain My Heart,Joe Cocker,118,67,75,-13,70
"Non, je ne regrette rien",Édith Piaf,87,35,39,-7,44
Never Gonna Give You Up,Rick Astley,113,94,73,-12,92
Running To Stand Still,U2,95,20,54,-19,23
I Wanna Dance with Somebody (Who Loves Me),Whitney Houston,119,82,71,-9,87
Have A Little Faith In Me,John Hiatt,156,41,45,-11,32
Suzanne,Herman van Veen,129,16,63,-21,18
The Way You Make Me Feel - 2012 Remaster,Michael Jackson,114,85,88,-5,54
The One I Love - Remastered,R.E.M.,128,84,49,-5,56
Bad - 2012 Remaster,Michael Jackson,114,89,79,-4,39
Apache,The Shadows,134,45,60,-13,78
The Cross,Prince,99,64,44,-7,25
Luka,Suzanne Vega,125,70,63,-11,80
Seven Wonders - 2017 Remaster,Fleetwood Mac,119,63,71,-10,63
Lessons In Love,Level 42,113,84,71,-8,86
Brilliant Disguise,Bruce Springsteen,126,73,70,-12,95
It's a Sin - 2001 Remaster,Pet Shop Boys,127,86,54,-6,29
Bullet The Blue Sky,U2,153,64,36,-10,45
Wonderful Life,Black,106,52,72,-12,82
It's The End Of The World As We Know It (And I Feel Fine),R.E.M.,206,89,38,-9,80
Is This Love - 2018 Remaster,Whitesnake,180,76,26,-7,43
Laat Mij Maar Alleen,Klein Orkest,153,74,45,-10,94
You Win Again,Bee Gees,169,83,55,-11,91
Liberian Girl - 2012 Remastered Version,Michael Jackson,105,55,75,-7,45
Winter in Hamburg,Frank Boeijen Groep,125,47,60,-14,53
One (Remastered),Metallica,103,69,44,-9,43
Fast Car,Tracy Chapman,104,29,71,-16,19
Dreams,Fleetwood Mac,120,34,82,-16,79
Sara,Fleetwood Mac,127,39,74,-17,59
Stop Loving You,TOTO,102,65,56,-13,60
Can I Play with Madness - 2015 Remaster,Iron Maiden,141,98,31,-3,63
Tonight (With David Bowie) - Live,Tina Turner,102,72,59,-13,72
Tusk,Fleetwood Mac,181,62,61,-17,96
Maid Of Orleans,Orchestral Manoeuvres In The Dark,110,53,52,-14,35
Like The Way I Do,Melissa Etheridge,101,84,60,-13,64
Zwart Wit,Frank Boeijen Groep,132,63,55,-12,79
All I Want Is You,U2,186,44,24,-11,40
Take This Waltz,Leonard Cohen,142,18,44,-16,35
Musica è,Eros Ramazzotti,125,28,53,-14,6
When Love Comes To Town,U2,116,67,65,-11,59
Ich bin wie du,Marianne Rosenberg,129,74,48,-10,60
Pamela,TOTO,98,41,58,-16,53
Orinoco Flow,Enya,115,31,69,-17,56
Listen to Your Heart,Roxette,86,58,54,-5,34
Fairytale of New York (feat. Kirsty MacColl),The Pogues,119,65,32,-6,47
Living Years,Mike & The Mechanics,98,42,52,-13,31
Mushanga,TOTO,122,31,72,-19,51
Baby Can I Hold You,Tracy Chapman,74,42,69,-11,47
Big Love,Fleetwood Mac,125,76,64,-12,64
Angel Of Harlem,U2,103,69,52,-11,93
Handle With Care,Traveling Wilburys,115,77,68,-6,71
(Something Inside) So Strong,Labi Siffre,82,38,68,-10,23
Into Temptation,Crowded House,84,37,45,-16,26
Twist in My Sobriety,Tanita Tikaram,115,56,78,-11,94
Sympathy For The Devil,The Rolling Stones,115,69,57,-11,57
Another Day in Paradise - 2016 Remaster,Phil Collins,102,56,78,-7,37
Niemand In De Stad,De Dijk,90,41,63,-13,70
Rockin' in the Free World,Neil Young,132,88,49,-5,52
Poison,Alice Cooper,119,91,28,-6,26
I Want It All - Remastered 2011,Queen,92,84,41,-6,39
Ik Kan Het Niet Alleen,De Dijk,142,85,53,-12,91
Leningrad,Billy Joel,139,52,51,-6,23
Have I Told You Lately,Van Morrison,144,48,34,-10,18
Lullaby,The Cure,94,56,72,-11,59
The Best,Tina Turner,104,74,66,-10,75
Breakthru - Remastered 2011,Queen,90,86,57,-6,31
Need Your Love So Bad,Fleetwood Mac,147,18,36,-19,25
Daar Gaat Ze,Clouseau,87,33,63,-15,64
Personal Jesus - Original Seven Inch Version,Depeche Mode,130,68,64,-12,71
Kingston Town,UB40,102,25,96,-13,80
Woman In Chains,Tears For Fears,160,61,43,-8,37
Nergens Goed Voor,De Dijk,102,59,77,-12,72
I Wish It Would Rain Down - 2016 Remaster,Phil Collins,126,67,51,-5,36
If You Don't Know Me by Now - 2008 Remaster,Simply Red,94,35,64,-9,20
Free Fallin',Tom Petty,84,45,62,-13,57
Let Love Rule,Lenny Kravitz,153,45,69,-13,70
Epic,Faith No More,174,89,36,-7,26
Black Velvet,Alannah Myles,91,37,75,-10,47
We Didn't Start the Fire,Billy Joel,145,97,71,-5,90
Sowing The Seeds Of Love,Tears For Fears,172,80,21,-7,68
New York Minute,Don Henley,132,29,55,-12,12
Something Happened on the Way to Heaven - 2016 Remaster,Phil Collins,115,88,66,-4,88
Lovesong,The Cure,140,81,61,-8,82
Monkey Gone to Heaven,Pixies,116,39,65,-12,60
The Miracle - Remastered 2011,Queen,92,65,48,-6,54
The Invisible Man - Remastered 2011,Queen,120,79,70,-7,56
If I Could Turn Back Time,Cher,108,57,66,-10,50
Love Shack,The B-52's,134,82,72,-6,87
Thunderstruck,AC/DC,134,89,50,-5,26
Papa,Stef Bos,120,32,74,-13,29
Enjoy the Silence - Single Mix,Depeche Mode,113,81,64,-8,82
Still Got The Blues,Gary Moore,170,39,19,-14,32
Wind Of Change,Scorpions,152,52,45,-10,25
Nothing Compares 2 U,Sinéad O'Connor,120,57,51,-7,16
Silent Lucidity - Remastered/2003,Queensrÿche,140,63,46,-6,10
Such a Shame,Talk Talk,112,68,60,-11,71
Hunger Strike,Temple Of The Dog,138,57,37,-11,30
Candy,Iggy Pop,144,59,62,-11,65
Send Me An Angel,Scorpions,81,42,15,-12,17
Don't Go Breaking My Heart,Elton John,131,86,74,-8,78
"Night Fever - From ""Saturday Night Fever"" Soundtrack",Bee Gees,109,51,74,-16,90
More Than Words,Extreme,92,13,63,-15,24
"It Must Have Been Love - From the Film ""Pretty Woman""",Roxette,81,65,52,-7,72
Met Hart En Ziel,Tröckener Kecks,167,61,38,-12,70
Love Rears Its Ugly Head,Living Colour,156,48,62,-9,73
Hard To Handle,The Black Crowes,104,79,59,-4,96
Black,Pearl Jam,77,68,36,-6,20
De Boer Is De Keerl,Normaal,85,40,52,-13,63
November Rain,Guns N' Roses,80,64,29,-9,23
Nothing Else Matters,Metallica,142,36,56,-11,17
Smells Like Teen Spirit,Nirvana,117,91,50,-5,72
Innuendo - Remastered 2011,Queen,73,73,21,-6,17
Enter Sandman,Metallica,123,82,58,-9,64
Who Wants To Live Forever - Remastered 2011,Queen,87,40,14,-9,4
Under the Bridge,Red Hot Chili Peppers,85,35,56,-13,46
Deurdonderen,Normaal,175,79,46,-10,86
The Show Must Go On - 2011 Mix,Queen,83,69,31,-7,18
Losing My Religion,R.E.M.,126,86,67,-5,80
Come As You Are,Nirvana,120,82,50,-6,54
Jeremy,Pearl Jam,109,85,28,-6,29
Knockin' On Heaven's Door,Guns N' Roses,132,74,50,-7,38
The Unforgiven,Metallica,139,60,54,-10,25
These Are The Days Of Our Lives - 2011 Remaster,Queen,113,40,69,-10,55
Lithium,Nirvana,123,66,68,-6,49
Lekker Op De Trekker ('n Boerinnen-Wervingslied),Mannenkoor Karrespoor,132,49,72,-12,97
Estranged,Guns N' Roses,89,76,36,-8,17
Even Flow,Pearl Jam,105,94,39,-7,27
Hammer To Fall - Remastered 2011,Queen,127,79,43,-5,51
Sad But True,Metallica,89,85,63,-6,43
Year of the Cat - 2001 Remaster,Al Stewart,117,61,53,-10,53
Don't Cry (Original),Guns N' Roses,125,59,46,-9,24
(Everything I Do) I Do It For You,Bryan Adams,131,37,53,-13,25
No More Tears,Ozzy Osbourne,103,75,35,-7,32
You,Ten Sharp,174,90,41,-8,67
Heal the World,Michael Jackson,81,49,53,-8,10
Bestel Mar (edit),Rowwen Hèze,160,85,58,-7,91
On Every Street,Dire Straits,132,27,32,-11,15
Give It Away,Red Hot Chili Peppers,92,94,67,-10,78
Four Seasons In One Day,Crowded House,89,26,52,-17,49
Walking in Memphis,Marc Cohn,130,51,57,-9,33
Learning To Fly,Tom Petty and the Heartbreakers,117,77,65,-10,95
Live And Let Die,Guns N' Roses,153,78,26,-9,26
In Bloom - Nevermind Version,Nirvana,157,88,44,-5,51
Weather With You,Crowded House,94,61,64,-13,89
Shiny Happy People,R.E.M.,125,91,45,-4,81
Stars,Simply Red,104,82,72,-7,82
I'm Going Slightly Mad - Remastered 2011,Queen,116,83,64,-6,31
On the Border - 2001 Remaster,Al Stewart,98,64,48,-12,73
Diamonds and Pearls,Prince,81,55,55,-10,29
I Can't Dance - 2007 Remaster,Genesis,108,53,91,-9,90
No Son of Mine - 2007 Remaster,Genesis,104,60,66,-9,26
I Can't Make You Love Me,Bonnie Raitt,125,15,59,-17,11
Love of the Common People,Paul Young,91,61,74,-11,89
Mysterious Ways,U2,100,66,67,-8,70
We Don't Need Another Hero (Thunderdome),Tina Turner,99,67,69,-6,71
Calling Elvis,Dire Straits,120,57,61,-12,39
Killing In The Name,Rage Against The Machine,89,83,47,-4,66
Fear of the Dark - 2015 Remaster,Iron Maiden,110,87,31,-6,23
Bed Of Roses,Bon Jovi,165,60,31,-6,16
Everybody Hurts,R.E.M.,94,32,47,-10,17
Kayleigh,Marillion,106,67,56,-7,60
"Layla - Acoustic; Live at MTV Unplugged, Bray Film Studios, Windsor, England, UK, 1/16/1992; 2013 Remaster",Eric Clapton,94,52,56,-12,64
Nightswimming,R.E.M.,114,39,57,-11,57
Conquest of Paradise,Vangelis,74,30,43,-14,16
Would?,Alice In Chains,101,83,31,-8,59
Friday I'm in Love,The Cure,136,76,53,-12,51
Sharp Dressed Man,ZZ Top,125,77,65,-8,40
Man On The Moon,R.E.M.,119,70,67,-8,66
Gimme All Your Lovin',ZZ Top,120,79,66,-7,71
What's Up?,4 Non Blondes,134,56,56,-10,45
Lavender,Marillion,138,55,33,-6,23
Plush - 2017 Remaster,Stone Temple Pilots,144,94,43,-5,47
Eloise,Barry Ryan,131,59,43,-12,46
Harvest Moon,Neil Young,113,31,65,-12,41
Drive,R.E.M.,143,43,47,-12,24
Remedy,The Black Crowes,160,98,41,-4,35
I've Got Dreams to Remember,Otis Redding,142,28,39,-13,40
Jump Around,House Of Pain,107,71,85,-6,82
Human Touch,Bruce Springsteen,115,52,65,-14,45
Vlieg Met Me Mee - Live,Paul de Leeuw,176,47,35,-14,56
In These Arms,Bon Jovi,123,92,51,-3,46
Out Of Space,The Prodigy,147,87,64,-11,61
Find The River,R.E.M.,145,44,42,-9,30
I Have Nothing,Whitney Houston,153,40,54,-10,24
Rosalyn,Vitesse,102,51,49,-13,67
Rooster,Alice In Chains,144,55,27,-8,20
Why,Annie Lennox,91,47,53,-9,12
Rhythm Is A Dancer,SNAP!,124,65,76,-15,86
Keep The Faith,Bon Jovi,118,97,57,-4,57
No Rain,Blind Melon,148,48,39,-9,57
Creep,Radiohead,92,43,52,-10,10
Proud Mary,Tina Turner,171,50,40,-11,37
Fields Of Gold,Sting,104,34,65,-12,32
Eagle - Short Version,ABBA,86,83,41,-8,65
Linger,The Cranberries,95,43,44,-15,20
Alles Geprobeerd,Het Goede Doel,76,56,59,-15,84
I'd Do Anything For Love (But I Won't Do That) - Single Edit,Meat Loaf,105,67,42,-6,30
Shape Of My Heart,Sting,84,37,54,-10,24
I Will Survive - Single Version,Gloria Gaynor,116,62,80,-13,64
Ordinary World,Duran Duran,140,65,47,-10,40
Disarm - Remastered,The Smashing Pumpkins,130,42,53,-10,22
Mr. Jones,Counting Crows,142,82,58,-7,73
Heart-Shaped Box,Nirvana,203,64,26,-10,38
Daughter (Remastered),Pearl Jam,97,70,62,-10,73
In-A-Gadda-Da-Vida - Single Version,Iron Butterfly,119,53,47,-10,77
Gaia,Valensia,174,33,38,-13,20
Mull Of Kintyre - 1993 Digital Remaster,Wings,93,26,33,-15,42
Cose della vita,Eros Ramazzotti,176,60,50,-9,47
Are You Gonna Go My Way,Lenny Kravitz,129,67,62,-10,78
What's Love Got to Do with It,Tina Turner,98,41,85,-12,79
Rearviewmirror (Remastered),Pearl Jam,159,96,37,-5,44
La solitudine,Laura Pausini,132,47,57,-6,26
Up Where We Belong,Joe Cocker,139,43,57,-9,36
Rape Me,Nirvana,112,75,42,-11,23
Round Here,Counting Crows,94,48,31,-9,19
I Want You Back,The Jackson 5,98,54,64,-13,94
Younger Days,The Fatal Flowers,116,85,54,-7,31
All Apologies,Nirvana,113,63,45,-12,36
Zombie,The Cranberries,167,64,31,-9,31
Oude Maasweg,The Amazing Stroopwafels,90,26,75,-15,13
Lightning Crashes,Live,90,43,39,-9,43
Black Hole Sun,Soundgarden,105,83,35,-5,15
The Man Who Sold The World,Nirvana,115,75,48,-9,42
Basket Case,Green Day,85,94,44,-3,78
Where Did You Sleep Last Night,Nirvana,109,59,57,-8,36
Kiss from a Rose,Seal,132,53,58,-7,22
Always,Bon Jovi,141,66,38,-6,33
All I Want for Christmas Is You,Mariah Carey,150,63,34,-7,35
I Alone,Live,90,82,40,-7,10
Sabotage,Beastie Boys,168,94,32,-7,54
Smooth Operator - Single Version,Sade,119,58,73,-7,96
Glory Box,Portishead,120,43,51,-10,21
Dromen Zijn Bedrog,Marco Borsato,132,86,61,-9,64
Ode To My Family,The Cranberries,94,45,36,-10,14
No Good (Start the Dance) [Remastered],The Prodigy,145,99,64,-7,17
When I Come Around,Green Day,98,91,53,-4,81
Live Forever - Remastered,Oasis,84,79,10,-4,18
Mmm Mmm Mmm Mmm,Crash Test Dummies,93,57,58,-8,37
Annabel,Hans De Booij,174,52,81,-14,59
Polly,Nirvana,115,39,62,-12,44
Grace,Jeff Buckley,128,87,55,-4,19
Stil In Mij,Van Dik Hout,99,65,59,-9,39
Wonderwall - Remastered,Oasis,175,87,37,-5,48
Don't Look Back In Anger - Remastered,Oasis,163,92,33,-4,34
Streets of Philadelphia - Single Edit,Bruce Springsteen,94,29,74,-13,44
Earth Song,Michael Jackson,138,44,50,-8,14
Street Spirit (Fade Out),Radiohead,138,45,49,-12,13
Man in the Mirror,Michael Jackson,100,80,79,-6,27
Aan De Kust,BLØF,78,31,51,-10,22
Beat It,Michael Jackson,139,80,76,-6,91
Margherita,Marco Borsato,119,25,54,-12,14
Vivo per lei,Andrea Bocelli,136,46,53,-6,29
Circle Of Life,Elton John,160,61,28,-8,16
They Don't Care About Us,Michael Jackson,90,91,86,-6,73
Champagne Supernova - Remastered,Oasis,150,80,29,-5,12
You Do Something To Me,Paul Weller,73,34,44,-13,30
Lemon Tree,Fools Garden,143,48,66,-9,64
Weak,Skunk Anansie,94,77,53,-6,45
Ik Leef Niet Meer Voor Jou,Marco Borsato,150,82,55,-9,57
Gangsta's Paradise,Coolio,80,51,65,-10,39
Con Te Partirò,Andrea Bocelli,135,37,24,-8,30
Don't Speak,No Doubt,76,71,52,-7,54
Heaven For Everyone - Remastered 2011,Queen,110,43,60,-10,27
Fake Plastic Trees,Radiohead,74,23,45,-13,13
Too Much Love Will Kill You - 2011 Remaster,Queen,73,40,41,-8,21
1979 - Remastered 2012,The Smashing Pumpkins,127,79,77,-10,96
Avalon,Roxy Music,137,49,76,-11,88
You Don't Fool Me - Remastered 2011,Queen,122,83,59,-6,58
Can You Feel The Love Tonight,Elton John,123,36,30,-9,15
Dear Mama,2Pac,84,54,77,-7,32
Diane,Therapy?,124,43,42,-12,4
Stranger in Moscow,Michael Jackson,130,47,80,-9,59
An American Trilogy,Elvis Presley,84,13,21,-14,17
Secret Garden,Bruce Springsteen,87,33,52,-14,12
"Tonight, Tonight - Remastered 2012",The Smashing Pumpkins,149,67,29,-9,22
Bullet With Butterfly Wings - Remastered 2012,The Smashing Pumpkins,122,72,40,-9,48
A Winter's Tale - 2011 Remaster,Queen,54,56,36,-6,14
High And Dry,Radiohead,88,38,42,-12,35
Fairground,Simply Red,123,73,72,-6,62
Avond,Boudewijn de Groot,98,37,48,-15,17
She - Tous les visages de l’amour,Charles Aznavour,132,39,35,-10,36
Insomnia,Faithless,127,58,79,-10,26
Jesus to a Child,George Michael,174,42,53,-12,19
Down Under,Men At Work,107,79,75,-5,89
Jump,Van Halen,130,82,55,-7,77
Het Is Een Nacht... (Levensecht),Guus Meeuwis,138,62,63,-7,50
Where the Wild Roses Grow - 2011 - Remaster,Nick Cave & The Bad Seeds,155,47,34,-11,16
Beautiful Noise,Neil Diamond,127,35,53,-15,73
Yesterday When I Was Young,Charles Aznavour,68,51,33,-9,29
De Waarheid,Marco Borsato,61,36,34,-11,9
Wereld Zonder Jou,Marco Borsato,121,36,57,-10,9
Wannabe,Spice Girls,110,86,77,-6,89
Hedonism (Just Because You Feel Good),Skunk Anansie,81,54,56,-9,31
Killing Me Softly With His Song,Fugees,92,29,77,-17,51
You Have Been Loved,George Michael,137,24,61,-16,16
Children,Robert Miles,137,76,60,-11,39
No Diggity,Blackstreet,89,65,87,-5,67
"Casser la voix - Live ""Si Ce Soir""",Patrick Bruel,135,72,27,-10,34
Beautiful Goodbye,Amanda Marshall,99,29,49,-8,4
Ain't Nobody,Chaka Khan,104,88,80,-7,82
A Long December,Counting Crows,71,58,39,-7,38
Novocaine For The Soul,Eels,169,72,41,-8,31
Per Spoor (Kedeng Kedeng),Guus Meeuwis,126,88,58,-7,79
Bitter Sweet Symphony,The Verve,171,92,36,-6,52
Zeg Me Dat Het Niet Zo Is,Frank Boeijen,70,13,35,-14,29
Du hast,Rammstein,125,92,64,-6,72
"Take Me Home, Country Roads",John Denver,164,43,26,-13,55
Karma Police,Radiohead,75,51,36,-9,32
Everlong,Foo Fighters,158,88,41,-6,36
Op Fietse,Skik,104,86,53,-5,86
Paranoid Android,Radiohead,164,85,25,-7,19
Lopen Tot De Zon Komt,Acda en de Munnik,100,33,43,-9,36
Into My Arms - 2011 Remastered Version,Nick Cave & The Bad Seeds,94,9,48,-18,22
Engel,Rammstein,96,66,64,-6,33
k Heb Je Lief,Paul de Leeuw,136,37,53,-12,22
Chan Chan,Buena Vista Social Club,166,50,40,-12,68
Firestarter,The Prodigy,142,95,53,-5,38
The Unforgiven II,Metallica,133,88,49,-5,25
Smack My Bitch Up,The Prodigy,136,99,61,-5,23
Good Riddance (Time of Your Life),Green Day,95,43,48,-8,65
Candle In The Wind 1997,Elton John,126,31,45,-8,37
No Surprises,Radiohead,76,39,26,-11,12
Als Het Vuur Gedoofd Is,Acda en de Munnik,92,64,56,-8,61
Little Green Bag,George Baker Selection,103,61,71,-14,88
Beds Are Burning - Remastered,Midnight Oil,119,50,75,-9,34
"My Heart Will Go On - Love Theme from ""Titanic""",Céline Dion,99,28,43,-12,4
t Dondert En 't Bliksemt,Guus Meeuwis,121,95,70,-4,89
Breathe,The Prodigy,130,82,68,-6,32
The Memory Remains,Metallica,144,90,43,-4,60
N'oubliez Jamais,Joe Cocker,87,49,59,-8,35
Tell Him,Barbra Streisand,76,40,34,-9,7
Mooi Liedje,Acda en de Munnik,177,21,49,-11,22
Can't Stand Losing You,The Police,142,63,76,-10,93
Songbird,Eva Cassidy,153,23,38,-12,15
Hier Komt De Storm,Frank Boeijen Groep,89,77,41,-8,43
The Drugs Don't Work,The Verve,77,52,44,-9,18
Around the World,Daft Punk,121,80,96,-5,84
Somebody to Love,George Michael,110,86,33,-7,38
Nobody's Wife,Anouk,98,91,51,-7,46
Als Ze Er Niet Is,De Dijk,166,49,38,-12,21
Careless Whisper,George Michael,153,63,57,-9,79
Don't Let the Sun Go Down on Me,George Michael,135,55,44,-8,26
The Whole of the Moon,The Waterboys,106,85,54,-6,60
Liefs Uit Londen,BLØF,77,13,44,-19,13
Narcotic - Long Version,Liquido,102,59,59,-7,36
New Year's Day,U2,133,80,52,-6,63
Cowboys and Angels,George Michael,128,51,57,-13,28
Zelfs Je Naam Is Mooi,Henk Westbroek,94,46,56,-7,45
Toen Ik Je Zag - Single Version,Hero,81,20,37,-14,14
"I Don't Want to Miss a Thing - From ""Armageddon"" Soundtrack",Aerosmith,121,66,38,-5,14
A Different Corner,George Michael,99,29,27,-10,15
Teardrop,Massive Attack,77,42,62,-9,22
Faith,George Michael,96,50,92,-10,56
Father Figure,George Michael,102,39,48,-11,25
Niet Of Nooit Geweest,Acda en de Munnik,122,51,48,-10,51
Is Dit Nu Later,Stef Bos,134,51,41,-9,38
De Bestemming,Marco Borsato,109,50,27,-9,13
Freak On a Leash,Korn,103,90,35,-6,53
Onderuit,De Dijk,118,57,68,-9,65
Non non rien n'a changé,Les Poppys,84,48,50,-8,47
I'm Not so Tough,Ilse DeLange,117,58,73,-8,55
Killer / Papa Was a Rollin' Stone,George Michael,122,98,71,-7,58
I Knew You Were Waiting (For Me),George Michael,108,84,72,-5,68
If You Tolerate This Your Children Will Be Next,Manic Street Preachers,96,80,22,-6,26
Praying for Time,George Michael,128,80,57,-8,21
Hilversum 3,Herman van Veen,91,22,69,-15,47
The Reflex,Duran Duran,127,90,56,-6,80
World of Hurt,Ilse DeLange,99,47,87,-10,64
As,George Michael,93,74,67,-8,77
Pure Morning,Placebo,81,90,39,-7,20
She's The One,Robbie Williams,167,61,24,-8,33
Ik Heb Je Lief,Stef Bos,131,48,30,-12,24
Pretty Fly (For A White Guy),The Offspring,143,90,72,-4,96
Praise You,Fatboy Slim,110,89,60,-9,53
Sacrifice,Anouk,136,17,54,-13,24
Toveren,Herman van Veen,145,28,81,-15,81
Kissing a Fool,George Michael,117,27,39,-14,17
Hijo de la Luna,Mecano,179,54,45,-7,61
"Slaap Zacht , Elisabeth",Acda en de Munnik,174,38,44,-11,19
Angels,Robbie Williams,150,59,44,-7,25
Tears in Heaven,Eric Clapton,154,24,50,-12,31
Californication,Red Hot Chili Peppers,96,77,59,-3,33
Harder Dan Ik Hebben Kan,BLØF,90,40,62,-10,35
Learn to Fly,Foo Fighters,136,92,47,-4,54
Total Eclipse of the Heart,Bonnie Tyler,130,66,44,-8,18
Scar Tissue,Red Hot Chili Peppers,89,72,60,-5,55
Otherside,Red Hot Chili Peppers,123,80,46,-3,51
"You'll Be In My Heart - From ""Tarzan""/Soundtrack Version",Phil Collins,97,74,57,-6,66
Let Me Entertain You,Robbie Williams,125,96,46,-5,37
Road Trippin',Red Hot Chili Peppers,204,47,24,-8,39
Jesus He Knows Me,Genesis,95,87,60,-7,65
The Family Tree,Venice,127,10,34,-16,26
Porcelain,Moby,95,64,30,-8,33
Unintended,Muse,139,28,49,-12,16
LA Song,Beth Hart,130,62,77,-8,51
The Dolphin's Cry,Live,150,79,34,-6,43
All Star,Smash Mouth,104,87,73,-6,78
Why Does My Heart Feel So Bad?,Moby,98,62,60,-7,5
Il Volo,Zucchero,150,40,45,-12,17
The Next Episode,Dr. Dre,95,91,92,-2,31
Geen Kind Meer,Karin Bloemen,77,17,50,-16,25
All The Small Things,blink-182,149,90,43,-5,68
Run To The Water,Live,181,85,15,-5,29
Hart Van Mijn Gevoel,De Kast,140,43,44,-10,26
Smooth (feat. Rob Thomas),Santana,116,92,61,-4,96
My Name Is,Eminem,86,68,87,-6,82
Desert Rose,Sting,112,65,58,-8,13
Hey Boy Hey Girl,The Chemical Brothers,127,92,63,-5,36
At Last,Etta James,87,35,27,-9,33
Can't Help Falling in Love,Elvis Presley,100,29,40,-14,34
Fly Me To The Moon (In Other Words),Frank Sinatra,119,26,67,-14,37
Stand by Me,Ben E. King,118,31,65,-9,61
"Oh, Pretty Woman",Roy Orbison,127,60,62,-9,96
Ring of Fire,Johnny Cash,104,59,66,-8,78
Blowin' in the Wind,Bob Dylan,175,10,38,-21,44
In Dreams,Roy Orbison,108,44,50,-10,71
Twist And Shout - Remastered 2009,The Beatles,125,85,48,-9,94
Are You Lonesome Tonight,Elvis Presley,66,9,36,-18,19
I Saw Her Standing There - Remastered 2009,The Beatles,160,80,49,-10,97
"Don't Think Twice, It's All Right",Bob Dylan,111,24,60,-17,47
The Sound of Silence - Acoustic Version,Simon & Garfunkel,107,22,53,-14,33
House Of The Rising Sun,The Animals,117,58,30,-7,23
Folsom Prison Blues,Johnny Cash,111,53,69,-10,78
The Times They Are A-Changin',Bob Dylan,172,40,39,-8,59
A Change Is Gonna Come,Sam Cooke,174,38,21,-10,45
A Hard Day's Night - Remastered 2009,The Beatles,139,81,59,-6,80
Nathalie,Gilbert Bécaud,135,63,42,-7,81
Eight Days A Week - Remastered 2009,The Beatles,138,58,65,-8,74
It's All Over Now - Mono Version,The Rolling Stones,99,69,60,-11,76
Yesterday - Remastered 2009,The Beatles,97,18,33,-12,32
(I Can't Get No) Satisfaction - Mono Version,The Rolling Stones,136,86,72,-8,93
Like a Rolling Stone,Bob Dylan,95,72,48,-7,56
Norwegian Wood (This Bird Has Flown) - Remastered 2009,The Beatles,177,37,43,-12,65
Help! - Remastered 2009,The Beatles,95,73,53,-8,76
Unchained Melody,The Righteous Brothers,99,21,34,-17,29
Michelle - Remastered 2009,The Beatles,117,29,58,-13,67
My Generation - Stereo Version,The Who,97,78,41,-9,71
In My Life - Remastered 2009,The Beatles,103,44,69,-11,44
As Tears Go By - Mono Version,The Rolling Stones,113,28,33,-11,37
It Was A Very Good Year,Frank Sinatra,80,14,22,-15,13
Time Is On My Side - Mono Version,The Rolling Stones,100,65,53,-9,42
Little Red Rooster - Mono Version,The Rolling Stones,109,43,72,-12,67
Mr. Tambourine Man,The Byrds,120,47,46,-10,64
"Paint It, Black",The Rolling Stones,159,80,46,-9,61
God Only Knows - Remastered,The Beach Boys,117,49,52,-8,48
California Dreamin' - Single Version,The Mamas & The Papas,112,61,55,-10,64
Eleanor Rigby - Remastered 2009,The Beatles,138,28,58,-9,81
River Deep - Mountain High,Ike & Tina Turner,83,75,39,-7,27
That's Life,Frank Sinatra,112,44,55,-14,63
Jumpin' Jack Flash - Mono,The Rolling Stones,137,90,60,-7,62
Scarborough Fair / Canticle,Simon & Garfunkel,129,25,34,-16,30
Sloop John B - Remastered,The Beach Boys,126,75,57,-5,90
Homeward Bound,Simon & Garfunkel,93,38,49,-12,53
Under My Thumb,The Rolling Stones,127,49,73,-14,80
When a Man Loves a Woman,Percy Sledge,97,15,52,-20,21
Sunny Afternoon - Mono Mix,The Kinks,125,47,60,-8,49
How Can We Hang On To A Dream,Tim Hardin,127,18,56,-15,37
"Monday, Monday - Single Version",The Mamas & The Papas,110,46,49,-9,71
For No One - Remastered 2009,The Beatles,81,35,48,-10,71
"It's A Man's, Man's, Man's World",James Brown & The Famous Flames,81,24,54,-17,57
Try a Little Tenderness,Otis Redding,103,13,59,-15,7
Wouldn't It Be Nice - Stereo Mix,The Beach Boys,125,63,39,-7,72
Nights In White Satin - Single Version / Mono Mix,The Moody Blues,85,48,20,-5,17
The End,The Doors,106,30,35,-12,3
A Day In The Life - Remastered 2009,The Beatles,163,46,36,-14,18
Brown Eyed Girl,Van Morrison,151,58,49,-11,91
Respect,Aretha Franklin,115,56,81,-5,97
White Rabbit,Jefferson Airplane,107,29,55,-13,32
Penny Lane,The Beatles,114,39,63,-10,65
Hey Joe,Jimi Hendrix,169,77,35,-6,53
Good Vibrations - Remastered,The Beach Boys,133,47,40,-8,39
Light My Fire,The Doors,125,73,41,-6,44
Strawberry Fields Forever - Remastered 2009,The Beatles,98,50,39,-12,29
"So Long, Marianne",Leonard Cohen,95,40,54,-11,23
Little Wing,Jimi Hendrix,71,53,52,-8,43
The Fool On The Hill - Remastered 2009,The Beatles,144,26,36,-11,49
People Are Strange,The Doors,119,47,70,-9,76
The Wind Cries Mary,Jimi Hendrix,80,50,50,-11,34
Sgt. Pepper's Lonely Hearts Club Band - Remastered 2009,The Beatles,96,67,45,-9,58
Lucy In The Sky With Diamonds - Remastered 2009,The Beatles,65,33,31,-9,67
Purple Haze,Jimi Hendrix,109,91,53,-5,49
Ruby Tuesday,The Rolling Stones,105,55,52,-11,52
All You Need Is Love - Remastered 2009,The Beatles,103,48,40,-8,65
"He Ain't Heavy, He's My Brother",The Hollies,76,44,31,-7,22
When I'm Sixty Four - Remastered 2009,The Beatles,140,24,70,-13,66
Somebody Will Know Someday,Cuby & The Blizzards,82,24,55,-14,33
I Am The Walrus - Remastered 2009,The Beatles,85,56,40,-11,65
Guitar Man,Elvis Presley,114,66,60,-13,91
Ain't No Mountain High Enough,Marvin Gaye,130,60,66,-11,80
San Francisco (Be Sure to Wear Some Flowers In Your Hair),Scott McKenzie,112,67,50,-6,48
She's Leaving Home - Remastered 2009,The Beatles,128,21,38,-12,39
I'm a Believer - 2006 Remaster,The Monkees,80,78,53,-6,96
Waterloo Sunset - Mono Mix,The Kinks,108,69,51,-7,42
Sunshine Of Your Love,Cream,115,48,68,-13,78
Break on Through (To the Other Side),The Doors,90,75,42,-10,79
Green Green Grass Of Home,Tom Jones,95,41,54,-13,82
To Love Somebody,Bee Gees,90,38,42,-13,52
Pastorale - Remastered,Liesbeth List,112,52,46,-9,35
(Sittin' On) the Dock of the Bay,Otis Redding,104,37,77,-11,54
Blackbird - Remastered 2009,The Beatles,94,13,69,-14,37
I Put A Spell On You,Creedence Clearwater Revival,100,73,39,-8,62
While My Guitar Gently Weeps - Remastered 2009,The Beatles,115,65,45,-9,70
All Along the Watchtower,Jimi Hendrix,113,81,44,-6,56
"Window Of My Eyes - From ""The American"" Soundtrack",Cuby & The Blizzards,184,53,41,-9,41
I Say a Little Prayer,Aretha Franklin,133,36,59,-14,50
(You Make Me Feel Like) A Natural Woman,Aretha Franklin,111,32,65,-9,28
White Room,Cream,110,58,55,-13,46
"Mrs. Robinson - From ""The Graduate"" Soundtrack",Simon & Garfunkel,92,46,61,-14,81
What A Wonderful World - Single Version,Louis Armstrong,77,17,27,-21,20
Lea,The Cats,167,52,18,-8,42
The Weight - Remastered,The Band,144,55,63,-9,52
Ain't Got No - I Got Life - Remastered,Nina Simone,122,72,62,-10,89
Voodoo Child (Slight Return),Jimi Hendrix,176,91,21,-7,45
Suzie Q,Creedence Clearwater Revival,130,62,44,-11,70
Born To Be Wild - Single Version,Steppenwolf,146,73,44,-12,54
Words,Bee Gees,80,29,26,-10,25
Massachussetts,Bee Gees,102,44,48,-14,42
Times Were When,The Cats,99,56,45,-9,61
I Started A Joke,Bee Gees,145,46,31,-9,43
MacArthur Park,Richard Harris,170,34,25,-16,37
I'd Rather Go Blind,Etta James,83,43,48,-6,61
Daydream Believer,The Monkees,126,49,51,-10,65
Back In The U.S.S.R. - Remastered 2009,The Beatles,142,97,48,-7,49
"Girl, You'll Be A Woman Soon",Neil Diamond,110,64,52,-6,66
Here Comes The Sun - Remastered 2009,The Beatles,129,54,56,-10,39
Space Oddity - 2015 Remaster,David Bowie,140,44,30,-13,43
Gimme Shelter,The Rolling Stones,119,63,63,-8,49
Suspicious Minds,Elvis Presley,117,38,49,-11,71
Whole Lotta Love - 1990 Remaster,Led Zeppelin,90,90,41,-12,42
Sweet Caroline,Neil Diamond,63,13,53,-16,58
Fortunate Son,Creedence Clearwater Revival,133,66,64,-8,66
In the Ghetto,Elvis Presley,89,27,40,-17,49
Bad Moon Rising,Creedence Clearwater Revival,179,77,51,-6,94
You Can't Always Get What You Want,The Rolling Stones,86,62,32,-10,47
With A Little Help From My Friends,Joe Cocker,145,43,31,-11,31
Come Together - Remastered 2009,The Beatles,165,38,53,-12,19
Something - Remastered 2009,The Beatles,134,34,40,-11,38
Albatross - 2018 Remaster,Fleetwood Mac,136,6,32,-22,26
Just A Little Bit Of Peace In My Heart,Golden Earring,95,72,27,-6,26
Venus,Shocking Blue,128,76,69,-6,96
Son of a Preacher Man,Dusty Springfield,182,50,40,-11,82
Pinball Wizard,The Who,124,72,54,-9,47
Marian,The Cats,80,45,39,-10,39
Beautiful People,Melanie,129,44,54,-9,37
Oh Well (Pt. 1) - 2013 Remaster,Fleetwood Mac,103,59,47,-10,22
Born On The Bayou,Creedence Clearwater Revival,117,39,68,-16,55
Scarlet Ribbons,The Cats,101,42,48,-10,47
The Thrill Is Gone,B.B. King,91,46,55,-9,54
Dazed and Confused,Led Zeppelin,87,55,27,-10,43
Overture,The Who,118,62,48,-10,19
Streets of London,Ralph McTell,156,30,40,-15,19
Down On The Corner,Creedence Clearwater Revival,108,54,86,-9,87
Appleknockers Flophouse,Cuby & The Blizzards,197,71,31,-9,67
The First Time Ever I Saw Your Face,Roberta Flack,121,3,31,-22,14
Touch Me,The Doors,109,90,43,-5,77
Summertime,Brainbox,89,55,38,-9,25
Midnight Rambler,The Rolling Stones,75,66,40,-10,51
Get Ready,Rare Earth,127,87,41,-6,65
Black Magic Woman - 2018 Remaster,Fleetwood Mac,129,41,46,-11,44
Suite: Judy Blue Eyes - Remastered,"Crosby, Stills & Nash",154,36,45,-13,30
Blue Suede Shoes,Elvis Presley,95,66,56,-8,96
Jailhouse Rock,Elvis Presley,167,58,65,-10,92
My Baby Just Cares for Me - 2013 Remastered Version,Nina Simone,119,24,75,-15,43
Heartbreak Hotel,Elvis Presley,94,21,70,-12,72
Hound Dog,Elvis Presley,175,76,36,-8,95
Johnny B. Goode,Chuck Berry,168,80,53,-9,97
Take Five,The Dave Brubeck Quartet,174,26,45,-13,60
Blueberry Hill,Fats Domino,133,50,49,-10,83
